Workbook

Sheet SUMMARY
A1: `
B2: Caaza_Full_Validation_Test_Plan_v1 (All_Platform)
E4: Y____W__
B5: S.NO | C5: Module | D5: No of Test | E5: Executed | F5: PASS | G5: FAIL | H5: NA | I5: NT | K5: S No | L5: Module | M5: Andriod | N5: IOS-Mobile | O5: IOS - Tab | P5: Android - Tab | Q5: Overall %
B6: 1 | C6: Authentication | D6: =Automation!F149 -> #REF! | E6: =Automation!F148 -> #REF! | F6: =Automation!F144 -> #REF! | G6: =Automation!F145 -> #REF! | H6: =Automation!F146 -> #REF! | I6: =Automation!F147 -> #REF! | K6: 1 | L6: Authentication | M6: =(E33/D33) -> 0 | N6: =(E59/D59) -> #REF! | O6: =(E84/D84) -> #REF! | P6: =(E110/D110) -> #REF! | Q6: =(E6/D6) -> #REF!
B7: 2 | C7: Hierarchy_Creation | D7: ='[1] Hierarchy_Creation'!F98 -> #REF! | E7: ='[1] Hierarchy_Creation'!F97 -> #REF! | F7: ='[1] Hierarchy_Creation'!F93 -> #REF! | G7: ='[1] Hierarchy_Creation'!F95 -> #REF! | H7: ='[1] Hierarchy_Creation'!F95 -> #REF! | I7: ='[1] Hierarchy_Creation'!F96 -> #REF! | K7: 2 | L7: Hierarchy_Creation | M7: =(E34/D34) -> #REF! | N7: =(E60/D60) -> #REF! | O7: =(E85/D85) -> #REF! | P7: =(E111/D111) -> #REF! | Q7: =(E7/D7) -> #REF!
B8: 3 | C8: User_Control | D8: =[2]User_Control!F67 -> #REF! | E8: =[2]User_Control!F66 -> #REF! | F8: =[2]User_Control!F62 -> #REF! | G8: =[2]User_Control!F63 -> #REF! | H8: =[2]User_Control!F64 -> #REF! | I8: =[2]User_Control!F65 -> #REF! | K8: 3 | L8: User_Control | M8: =(E35/D35) -> #REF! | N8: =(E61/D61) -> #REF! | O8: =(E86/D86) -> #REF! | P8: =(E112/D112) -> #REF! | Q8: =(E8/D8) -> #REF!
B9: 4 | C9: Home_Page | D9: =[3]Home_Page!F83 -> #REF! | E9: =[3]Home_Page!F82 -> #REF! | F9: =[3]Home_Page!F78 -> #REF! | G9: =[3]Home_Page!F79 -> #REF! | H9: =[3]Home_Page!F80 -> #REF! | I9: =[3]Home_Page!F81 -> #REF! | K9: 4 | L9: Home_Page | M9: =(E36/D36) -> #REF! | N9: =(E62/D62) -> #REF! | O9: =(E87/D87) -> #REF! | P9: =(E113/D113) -> #REF! | Q9: =(E9/D9) -> #REF!
B10: 5 | C10: FlooHierarchy_edit_delete | D10: =[4]FlooHierarchy_edit_delete!F105 -> #REF! | E10: =[4]FlooHierarchy_edit_delete!F104 -> #REF! | F10: =[4]FlooHierarchy_edit_delete!F100 -> #REF! | G10: =[4]FlooHierarchy_edit_delete!F101 -> #REF! | H10: =[4]FlooHierarchy_edit_delete!F102 -> #REF! | I10: =[4]FlooHierarchy_edit_delete!F103 -> #REF! | K10: 5 | L10: FlooHierarchy_edit_delete | M10: =(E37/D37) -> #REF! | N10: =(E63/D63) -> #REF! | O10: =(E88/D88) -> #REF! | P10: =(E114/D114) -> #REF! | Q10: =(E10/D10) -> #REF!
B11: 6 | C11: Add_Switchboard | D11: =[5]Add_Switchboard!E98 -> #REF! | E11: =[5]Add_Switchboard!E97 -> #REF! | F11: =[5]Add_Switchboard!E93 -> #REF! | G11: =[5]Add_Switchboard!E94 -> #REF! | H11: =[5]Add_Switchboard!E95 -> #REF! | I11: =[5]Add_Switchboard!E96 -> #REF! | K11: 6 | L11: Add_Switchboard | M11: =(E38/D38) -> #REF! | N11: =(E64/D64) -> #REF! | O11: =(E89/D89) -> #REF! | P11: =(E115/D115) -> #REF! | Q11: =(E11/D11) -> #REF!
B12: 7 | C12: Connectivity | D12: =[6]Connectivity!G116 -> #REF! | E12: =[6]Connectivity!G115 -> #REF! | F12: =[6]Connectivity!G111 -> #REF! | G12: =[6]Connectivity!G112 -> #REF! | H12: =[6]Connectivity!G113 -> #REF! | I12: =[6]Connectivity!G114 -> #REF! | K12: 7 | L12: Connectivity | M12: =(E39/D39) -> #REF! | N12: =(E65/D65) -> #REF! | O12: =(E90/D90) -> #REF! | P12: =(E116/D116) -> #REF! | Q12: =(E12/D12) -> #REF!
B13: 8 | C13: Analytics | D13: =[7]Analytics!F204 -> #REF! | E13: =[7]Analytics!F203 -> #REF! | F13: =[7]Analytics!F199 -> #REF! | G13: =[7]Analytics!F200 -> #REF! | H13: =[7]Analytics!F201 -> #REF! | I13: =[7]Analytics!F202 -> #REF! | K13: 8 | L13: Analytics | M13: =(E40/D40) -> #REF! | N13: =(E66/D66) -> #REF! | O13: =(E91/D91) -> #REF! | P13: =(E117/D117) -> #REF! | Q13: =(E13/D13) -> #REF!
B14: 9 | C14: Setting & Profile | D14: ='[8]Setting & Profile'!F150 -> #REF! | E14: ='[8]Setting & Profile'!F149 -> #REF! | F14: ='[8]Setting & Profile'!F145 -> #REF! | G14: ='[8]Setting & Profile'!F146 -> #REF! | H14: ='[8]Setting & Profile'!F147 -> #REF! | I14: ='[8]Setting & Profile'!F148 -> #REF! | K14: 9 | L14: Setting & Profile | M14: =(E41/D41) -> #REF! | N14: =(E67/D67) -> #REF! | O14: =(E92/D92) -> #REF! | P14: =(E118/D118) -> #REF! | Q14: =(E14/D14) -> #REF!
B15: 10 | C15: Notification | D15: =[9]Notification!F112 -> #REF! | E15: =[9]Notification!F111 -> #REF! | F15: =[9]Notification!F107 -> #REF! | G15: =[9]Notification!F108 -> #REF! | H15: =[9]Notification!F109 -> #REF! | I15: =[9]Notification!F110 -> #REF! | K15: 10 | L15: Notification | M15: =(E42/D42) -> #REF! | N15: =(E68/D68) -> #REF! | O15: =(E93/D93) -> #REF! | P15: =(E119/D119) -> #REF! | Q15: =(E15/D15) -> #REF!
B16: 11 | C16: Pairing | D16: =[10]Pairing!E194 -> #REF! | E16: =[10]Pairing!E193 -> #REF! | F16: =[10]Pairing!E189 -> #REF! | G16: =[10]Pairing!E190 -> #REF! | H16: =[10]Pairing!E191 -> #REF! | I16: =[10]Pairing!E192 -> #REF! | K16: 11 | L16: Pairing | M16: =(E43/D43) -> #REF! | N16: =(E69/D69) -> #REF! | O16: =(E94/D94) -> #REF! | P16: =(E120/D120) -> #REF! | Q16: =(E16/D16) -> #REF!
B17: 12 | C17: Scheduler | D17: =[11]Scheduler!G125 -> #REF! | E17: =[11]Scheduler!G124 -> #REF! | F17: =[11]Scheduler!G120 -> #REF! | G17: =[11]Scheduler!G121 -> #REF! | H17: =[11]Scheduler!G122 -> #REF! | I17: =[11]Scheduler!G123 -> #REF! | K17: 12 | L17: Scheduler | M17: =(E44/D44) -> #REF! | N17: =(E70/D70) -> #REF! | O17: =(E95/D95) -> #REF! | P17: =(E121/D121) -> #REF! | Q17: =(E17/D17) -> #REF!
B18: 13 | C18: Smart_Scene_Creation | D18: =[12]Smart_Scene_Creation!F70 -> #REF! | E18: =[12]Smart_Scene_Creation!F69 -> #REF! | F18: =[12]Smart_Scene_Creation!F65 -> #REF! | G18: =[12]Smart_Scene_Creation!F66 -> #REF! | H18: =[12]Smart_Scene_Creation!F67 -> #REF! | I18: =[12]Smart_Scene_Creation!F68 -> #REF! | K18: 13 | L18: Smart_Scene_Creation | M18: =(E45/D45) -> #REF! | N18: =(E71/D71) -> #REF! | O18: =(E96/D96) -> #REF! | P18: =(E122/D122) -> #DIV/0!
B19: 14 | C19: Device_Settings | D19: =[13]Device_Settings_Duplicate!F114 -> #REF! | E19: =[13]Device_Settings_Duplicate!F113 -> #REF! | F19: =[13]Device_Settings_Duplicate!F109 -> #REF! | G19: =[13]Device_Settings_Duplicate!F110 -> #REF! | H19: =[13]Device_Settings_Duplicate!F111 -> #REF! | I19: =[13]Device_Settings_Duplicate!F112 -> #REF! | K19: 14 | L19: Device_Settings | M19: =(E46/D46) -> #REF! | N19: =(E72/D72) -> #REF! | O19: =(E97/D97) -> #REF! | P19: =(E123/D123) -> #REF! | Q19: =(E19/D19) -> #REF!
B20: 15 | C20: Multi_device | D20: =[14]Multi_Device!G150 -> #REF! | E20: =[14]Multi_Device!G149 -> #REF! | F20: =[14]Multi_Device!G145 -> #REF! | G20: =[14]Multi_Device!G146 -> #REF! | H20: =[14]Multi_Device!G147 -> #REF! | I20: =[14]Multi_Device!G148 -> #REF! | K20: 15 | L20: Multi_device | M20: =(E47/D47) -> #REF! | N20: =(E73/D73) -> #REF! | O20: =(E98/D98) -> #REF! | P20: =(E124/D124) -> #REF! | Q20: =(E20/D20) -> #REF!
B21: 16 | C21: Switch_ON/OFF | D21: =[15]OFF!F89 -> #REF! | E21: =[15]OFF!F88 -> #REF! | F21: =[15]OFF!F84 -> #REF! | G21: =[15]OFF!F85 -> #REF! | H21: =[15]OFF!F86 -> #REF! | I21: =[15]OFF!F87 -> #REF! | K21: 16 | L21: Switch_ON/OFF | M21: =(E48/D48) -> #DIV/0! | N21: =(E74/D74) -> #DIV/0! | O21: =(E99/D99) -> #DIV/0! | P21: =(E125/D125) -> #DIV/0! | Q21: =(E21/D21) -> #REF!
C22: TOTAL | D22: =SUM(D6:D21) -> #REF! | E22: =SUM(E6:E21) -> #REF! | F22: =SUM(F6:F21) -> #REF! | G22: =SUM(G6:G21) -> #REF! | H22: =SUM(H6:H21) -> #REF! | I22: =SUM(I6:I21) -> #REF!
N23: Overall Completion % | Q23: =(E22/D22) -> #REF!
C24: Issue Tracking Page
B29: Caaza_Full_Validation_Test_Plan_v1 (ANDRIOD)
E31: Y____W__
B32: S.NO | C32: PAIRING MODE | D32: No of Test | E32: Executed | F32: PASS | G32: FAIL | H32: NA | I32: NT
B33: 1 | C33: Authentication | D33: =Automation!F117 -> 97 | E33: =Automation!F116 -> 0 | F33: =Automation!F112 -> 0 | G33: =Automation!F113 -> 0 | H33: =Automation!F114 -> 0 | I33: =Automation!F115 -> 97
B34: 2 | C34: Hierarchy_Creation | D34: ='[1] Hierarchy_Creation'!F66 -> #REF! | E34: ='[1] Hierarchy_Creation'!F65 -> #REF! | F34: ='[1] Hierarchy_Creation'!F61 -> #REF! | G34: ='[1] Hierarchy_Creation'!F62 -> #REF! | H34: ='[1] Hierarchy_Creation'!F63 -> #REF! | I34: ='[1] Hierarchy_Creation'!F64 -> #REF!
B35: 3 | C35: User_Control | D35: =[2]User_Control!F35 -> #REF! | E35: =[2]User_Control!F34 -> #REF! | F35: =[2]User_Control!F30 -> #REF! | G35: =[2]User_Control!F31 -> #REF! | H35: =[2]User_Control!F32 -> #REF! | I35: =[2]User_Control!F33 -> #REF!
B36: 4 | C36: Home_Page | D36: =[3]Home_Page!F50 -> #REF! | E36: =[3]Home_Page!F49 -> #REF! | F36: =[3]Home_Page!F45 -> #REF! | G36: =[3]Home_Page!F46 -> #REF! | H36: =[3]Home_Page!F47 -> #REF! | I36: =[3]Home_Page!F48 -> #REF!
B37: 5 | C37: FlooHierarchy_edit_delete | D37: =[4]FlooHierarchy_edit_delete!F73 -> #REF! | E37: =[4]FlooHierarchy_edit_delete!F72 -> #REF! | F37: =[4]FlooHierarchy_edit_delete!F68 -> #REF! | G37: =[4]FlooHierarchy_edit_delete!F69 -> #REF! | H37: =[4]FlooHierarchy_edit_delete!F70 -> #REF! | I37: =[4]FlooHierarchy_edit_delete!F71 -> #REF!
B38: 6 | C38: Add_Switchboard | D38: =[5]Add_Switchboard!E65 -> #REF! | E38: =[5]Add_Switchboard!E64 -> #REF! | F38: =[5]Add_Switchboard!E60 -> #REF! | G38: =[5]Add_Switchboard!E61 -> #REF! | H38: =[5]Add_Switchboard!E62 -> #REF! | I38: =[5]Add_Switchboard!E63 -> #REF!
B39: 7 | C39: Connectivity | D39: =[6]Connectivity!G91 -> #REF! | E39: =[6]Connectivity!G90 -> #REF! | F39: =[6]Connectivity!G86 -> #REF! | G39: =[6]Connectivity!G87 -> #REF! | H39: =[6]Connectivity!G88 -> #REF! | I39: =[6]Connectivity!G89 -> #REF!
B40: 8 | C40: Analytics | D40: =[7]Analytics!F177 -> #REF! | E40: =[7]Analytics!F176 -> #REF! | F40: =[7]Analytics!F174 -> #REF! | G40: =[7]Analytics!F175 -> #REF! | H40: =[7]Analytics!F176 -> #REF! | I40: =[7]Analytics!F177 -> #REF!
B41: 9 | C41: Setting & Profile | D41: ='[8]Setting & Profile'!F118 -> #REF! | E41: ='[8]Setting & Profile'!F117 -> #REF! | F41: ='[8]Setting & Profile'!F113 -> #REF! | G41: ='[8]Setting & Profile'!F114 -> #REF! | H41: ='[8]Setting & Profile'!F115 -> #REF! | I41: ='[8]Setting & Profile'!F116 -> #REF!
B42: 10 | C42: Notification | D42: =[9]Notification!F88 -> #REF! | E42: =[9]Notification!F87 -> #REF! | F42: =[9]Notification!F83 -> #REF! | G42: =[9]Notification!F84 -> #REF! | H42: =[9]Notification!F83 -> #REF! | I42: =[9]Notification!F84 -> #REF!
B43: 11 | C43: Pairing | D43: =[10]Pairing!E169 -> #REF! | E43: =[10]Pairing!E168 -> #REF! | F43: =[10]Pairing!E164 -> #REF! | G43: =[10]Pairing!E165 -> #REF! | H43: =[10]Pairing!E166 -> #REF! | I43: =[10]Pairing!E167 -> #REF!
B44: 12 | C44: Scheduler | D44: =[11]Scheduler!G100 -> #REF! | E44: =[11]Scheduler!G99 -> #REF! | F44: =[11]Scheduler!G95 -> #REF! | G44: =[11]Scheduler!G96 -> #REF! | H44: =[11]Scheduler!G97 -> #REF! | I44: =[11]Scheduler!G98 -> #REF!
B45: 13 | C45: Smart_Scene_Creation | D45: =[16]Device_Settings!G205 -> #REF! | E45: =[16]Device_Settings!G204 -> #REF! | F45: =[16]Device_Settings!G200 -> #REF! | G45: =[16]Device_Settings!G201 -> #REF! | H45: =[16]Device_Settings!G202 -> #REF! | I45: =[16]Device_Settings!G203 -> #REF!
B46: 14 | C46: Device_Settings | D46: =[14]Multi_Device!G126 -> #REF! | E46: =[14]Multi_Device!G125 -> #REF! | F46: =[14]Multi_Device!G121 -> #REF! | G46: =[14]Multi_Device!G122 -> #REF! | H46: =[14]Multi_Device!G123 -> #REF! | I46: =[14]Multi_Device!G124 -> #REF!
B47: 15 | C47: Multi_device | D47: =[15]OFF!F57 -> #REF! | E47: =[15]OFF!F56 -> #REF! | F47: =[15]OFF!F52 -> #REF! | G47: =[15]OFF!F53 -> #REF! | H47: =[15]OFF!F54 -> #REF! | I47: =[15]OFF!F55 -> #REF!
C48: Switch_ON/OFF
C49: TOTAL | D49: =SUM(D33:D47) -> #REF! | E49: =SUM(E33:E47) -> #REF! | F49: =SUM(F33:F47) -> #REF! | G49: =SUM(G33:G47) -> #REF! | H49: =SUM(H33:H47) -> #REF! | I49: =SUM(I33:I47) -> #REF!
C51: Issue Tracking Page
B55: Caaza_Full_Validation_Test_Plan_v1 (IOS_Mobile)
E57: Y____W__
B58: S.NO | C58: PAIRING MODE | D58: No of Test | E58: Executed | F58: PASS | G58: FAIL | H58: NA | I58: NT
B59: 1 | C59: Authentication | D59: =Automation!F125 -> #REF! | E59: =Automation!F124 -> #REF! | F59: =Automation!F120 -> #REF! | G59: =Automation!F121 -> #REF! | H59: =Automation!F122 -> #REF! | I59: =Automation!F123 -> #REF!
B60: 2 | C60: Hierarchy_Creation | D60: ='[1] Hierarchy_Creation'!F74 -> #REF! | E60: ='[1] Hierarchy_Creation'!F73 -> #REF! | F60: ='[1] Hierarchy_Creation'!F69 -> #REF! | G60: ='[1] Hierarchy_Creation'!F70 -> #REF! | H60: ='[1] Hierarchy_Creation'!F71 -> #REF! | I60: ='[1] Hierarchy_Creation'!F72 -> #REF!
B61: 3 | C61: User_Control | D61: =[2]User_Control!F43 -> #REF! | E61: =[2]User_Control!F42 -> #REF! | F61: =[2]User_Control!F38 -> #REF! | G61: =[2]User_Control!F39 -> #REF! | H61: =[2]User_Control!F40 -> #REF! | I61: =[2]User_Control!F41 -> #REF!
B62: 4 | C62: Home_Page | D62: =[3]Home_Page!F59 -> #REF! | E62: =[3]Home_Page!F58 -> #REF! | F62: =[3]Home_Page!F54 -> #REF! | G62: =[3]Home_Page!F55 -> #REF! | H62: =[3]Home_Page!F56 -> #REF! | I62: =[3]Home_Page!F57 -> #REF!
B63: 5 | C63: FlooHierarchy_edit_delete | D63: =[4]FlooHierarchy_edit_delete!F81 -> #REF! | E63: =[4]FlooHierarchy_edit_delete!F80 -> #REF! | F63: =[4]FlooHierarchy_edit_delete!F76 -> #REF! | G63: =[4]FlooHierarchy_edit_delete!F77 -> #REF! | H63: =[4]FlooHierarchy_edit_delete!F78 -> #REF! | I63: =[4]FlooHierarchy_edit_delete!F79 -> #REF!
B64: 6 | C64: Add_Switchboard | D64: =[5]Add_Switchboard!E74 -> #REF! | E64: =[5]Add_Switchboard!E73 -> #REF! | F64: =[5]Add_Switchboard!E69 -> #REF! | G64: =[5]Add_Switchboard!E70 -> #REF! | H64: =[5]Add_Switchboard!E71 -> #REF! | I64: =[5]Add_Switchboard!E72 -> #REF!
B65: 7 | C65: Connectivity | D65: =[6]Connectivity!G99 -> #REF! | E65: =[6]Connectivity!G98 -> #REF! | F65: =[6]Connectivity!G94 -> #REF! | G65: =[6]Connectivity!G95 -> #REF! | H65: =[6]Connectivity!G96 -> #REF! | I65: =[6]Connectivity!G97 -> #REF!
B66: 8 | C66: Analytics | D66: =[7]Analytics!F187 -> #REF! | E66: =[7]Analytics!F186 -> #REF! | F66: =[7]Analytics!F183 -> #REF! | G66: =[7]Analytics!F183 -> #REF! | H66: =[7]Analytics!F184 -> #REF! | I66: =[7]Analytics!F185 -> #REF!
B67: 9 | C67: Setting & Profile | D67: ='[8]Setting & Profile'!F126 -> #REF! | E67: ='[8]Setting & Profile'!F125 -> #REF! | F67: ='[8]Setting & Profile'!F121 -> #REF! | G67: ='[8]Setting & Profile'!F122 -> #REF! | H67: ='[8]Setting & Profile'!F123 -> #REF! | I67: ='[8]Setting & Profile'!F124 -> #REF!
B68: 10 | C68: Notification | D68: =[9]Notification!F96 -> #REF! | E68: =[9]Notification!F95 -> #REF! | F68: =[9]Notification!F91 -> #REF! | G68: =[9]Notification!F92 -> #REF! | H68: =[9]Notification!F92 -> #REF! | I68: =[9]Notification!F94 -> #REF!
B69: 11 | C69: Pairing | D69: =[10]Pairing!E178 -> #REF! | E69: =[10]Pairing!E177 -> #REF! | F69: =[10]Pairing!E173 -> #REF! | G69: =[10]Pairing!E174 -> #REF! | H69: =[10]Pairing!E175 -> #REF! | I69: =[10]Pairing!E176 -> #REF!
B70: 12 | C70: Scheduler | D70: =[11]Scheduler!G109 -> #REF! | E70: =[11]Scheduler!G108 -> #REF! | F70: =[11]Scheduler!G104 -> #REF! | G70: =[11]Scheduler!G105 -> #REF! | H70: =[11]Scheduler!G106 -> #REF! | I70: =[11]Scheduler!G107 -> #REF!
B71: 13 | C71: Smart_Scene_Creation | D71: =[16]Device_Settings!G216 -> #REF! | E71: =[16]Device_Settings!G215 -> #REF! | F71: =[16]Device_Settings!G211 -> #REF! | G71: =[16]Device_Settings!G212 -> #REF! | H71: =[16]Device_Settings!G213 -> #REF! | I71: =[16]Device_Settings!G214 -> #REF!
B72: 14 | C72: Device_Settings | D72: =[14]Multi_Device!G134 -> #REF! | E72: =[14]Multi_Device!G133 -> #REF! | F72: =[14]Multi_Device!G129 -> #REF! | G72: =[14]Multi_Device!G130 -> #REF! | H72: =[14]Multi_Device!G131 -> #REF! | I72: =[14]Multi_Device!G132 -> #REF!
B73: 15 | C73: Multi_device | D73: =[15]OFF!F65 -> #REF! | E73: =[15]OFF!F64 -> #REF! | F73: =[15]OFF!F60 -> #REF! | G73: =[15]OFF!F61 -> #REF! | H73: =[15]OFF!F62 -> #REF! | I73: =[15]OFF!F63 -> #REF!
C74: Switch_ON/OFF
C75: Total | D75: =SUM(D59:D73) -> #REF! | E75: =SUM(E59:E73) -> #REF! | F75: =SUM(F59:F73) -> #REF! | G75: =SUM(G59:G73) -> #REF! | H75: =SUM(H59:H73) -> #REF! | I75: =SUM(I59:I73) -> #REF!
C77: Issue Tracking Page
B80: Caaza_Full_Validation_Test_Plan_v1 (IOS-Tab)
E82: Y____W__
B83: S.NO | C83: PAIRING MODE | D83: No of Test | E83: Executed | F83: PASS | G83: FAIL | H83: NA | I83: NT
B84: 1 | C84: Authentication | D84: =Automation!F133 -> #REF! | E84: =Automation!F132 -> #REF! | F84: =Automation!F128 -> #REF! | G84: =Automation!F129 -> #REF! | H84: =Automation!F130 -> #REF! | I84: =Automation!F131 -> #REF!
B85: 2 | C85: Hierarchy_Creation | D85: ='[1] Hierarchy_Creation'!F82 -> #REF! | E85: ='[1] Hierarchy_Creation'!F81 -> #REF! | F85: ='[1] Hierarchy_Creation'!F77 -> #REF! | G85: ='[1] Hierarchy_Creation'!F78 -> #REF! | H85: ='[1] Hierarchy_Creation'!F79 -> #REF! | I85: ='[1] Hierarchy_Creation'!F80 -> #REF!
B86: 3 | C86: User_Control | D86: =[2]User_Control!F51 -> #REF! | E86: =[2]User_Control!F50 -> #REF! | F86: =[2]User_Control!F46 -> #REF! | G86: =[2]User_Control!F47 -> #REF! | H86: =[2]User_Control!F48 -> #REF! | I86: =[2]User_Control!F49 -> #REF!
B87: 4 | C87: Home_Page | D87: =[3]Home_Page!F67 -> #REF! | E87: =[3]Home_Page!F66 -> #REF! | F87: =[3]Home_Page!F62 -> #REF! | G87: =[3]Home_Page!F63 -> #REF! | H87: =[3]Home_Page!F64 -> #REF! | I87: =[3]Home_Page!F65 -> #REF!
B88: 5 | C88: FlooHierarchy_edit_delete | D88: =[4]FlooHierarchy_edit_delete!F89 -> #REF! | E88: =[4]FlooHierarchy_edit_delete!F88 -> #REF! | F88: =[4]FlooHierarchy_edit_delete!F84 -> #REF! | G88: =[4]FlooHierarchy_edit_delete!F85 -> #REF! | H88: =[4]FlooHierarchy_edit_delete!F86 -> #REF! | I88: =[4]FlooHierarchy_edit_delete!F87 -> #REF!
B89: 6 | C89: Add_Switchboard | D89: =[10]Pairing!E186 -> #REF! | E89: =[10]Pairing!E185 -> #REF! | F89: =[10]Pairing!E181 -> #REF! | G89: =[10]Pairing!E182 -> #REF! | H89: =[10]Pairing!E183 -> #REF! | I89: =[10]Pairing!E184 -> #REF!
B90: 7 | C90: Connectivity | D90: =[6]Connectivity!G108 -> #REF! | E90: =[6]Connectivity!G107 -> #REF! | F90: =[6]Connectivity!G103 -> #REF! | G90: =[6]Connectivity!G104 -> #REF! | H90: =[6]Connectivity!G105 -> #REF! | I90: =[6]Connectivity!G106 -> #REF!
B91: 8 | C91: Analytics | D91: =[7]Analytics!F195 -> #REF! | E91: =[7]Analytics!F194 -> #REF! | F91: =[7]Analytics!F190 -> #REF! | G91: =[7]Analytics!F191 -> #REF! | H91: =[7]Analytics!F192 -> #REF! | I91: =[7]Analytics!F193 -> #REF!
B92: 9 | C92: Setting & Profile | D92: ='[8]Setting & Profile'!F134 -> #REF! | E92: ='[8]Setting & Profile'!F133 -> #REF! | F92: ='[8]Setting & Profile'!F129 -> #REF! | G92: ='[8]Setting & Profile'!F130 -> #REF! | H92: ='[8]Setting & Profile'!F131 -> #REF! | I92: ='[8]Setting & Profile'!F132 -> #REF!
B93: 10 | C93: Notification | D93: =[9]Notification!F104 -> #REF! | E93: =[9]Notification!F103 -> #REF! | F93: =[9]Notification!F99 -> #REF! | G93: =[9]Notification!F100 -> #REF! | H93: =[9]Notification!F101 -> #REF! | I93: =[9]Notification!F102 -> #REF!
B94: 11 | C94: Pairing | D94: =[10]Pairing!E186 -> #REF! | E94: =[10]Pairing!E185 -> #REF! | F94: =[10]Pairing!E181 -> #REF! | G94: =[10]Pairing!E182 -> #REF! | H94: =[10]Pairing!E183 -> #REF! | I94: =[10]Pairing!E184 -> #REF!
B95: 12 | C95: Scheduler | D95: =[11]Scheduler!G109 -> #REF! | E95: =[11]Scheduler!G108 -> #REF! | F95: =[11]Scheduler!G104 -> #REF! | G95: =[11]Scheduler!G105 -> #REF! | H95: =[11]Scheduler!G105 -> #REF! | I95: =[11]Scheduler!G107 -> #REF!
B96: 13 | C96: Smart_Scene_Creation | D96: =[16]Device_Settings!G216 -> #REF! | E96: =[16]Device_Settings!G215 -> #REF! | F96: =[16]Device_Settings!G211 -> #REF! | G96: =[16]Device_Settings!G212 -> #REF! | H96: =[16]Device_Settings!G213 -> #REF! | I96: =[16]Device_Settings!G214 -> #REF!
B97: 14 | C97: Device_Settings | D97: =[14]Multi_Device!G134 -> #REF! | E97: =[14]Multi_Device!G133 -> #REF! | F97: =[14]Multi_Device!G129 -> #REF! | G97: =[14]Multi_Device!G130 -> #REF! | H97: =[14]Multi_Device!G131 -> #REF! | I97: =[14]Multi_Device!G132 -> #REF!
B98: 15 | C98: Multi_device | D98: =[15]OFF!F81 -> #REF! | E98: =[15]OFF!F80 -> #REF! | F98: =[15]OFF!F76 -> #REF! | G98: =[15]OFF!F77 -> #REF! | H98: =[15]OFF!F78 -> #REF! | I98: =[15]OFF!F79 -> #REF!
B99: 16 | C99: Switch_ON/OFF
C100: Total | D100: =SUM(D84:D98) -> #REF! | E100: =SUM(E84:E98) -> #REF! | F100: =SUM(F84:F98) -> #REF! | G100: =SUM(G84:G98) -> #REF! | H100: =SUM(H84:H98) -> #REF! | I100: =SUM(I84:I98) -> #REF!
C102: Issue Tracking Page
B106: Caaza_Full_Validation_Test_Plan_v1 (Android-Tab)
E108: Y____W__
B109: S.NO | C109: PAIRING MODE | D109: No of Test | E109: Executed | F109: PASS | G109: FAIL | H109: NA | I109: NT
B110: 1 | C110: Authentication | D110: =Automation!F141 -> #REF! | E110: =Automation!F140 -> #REF! | F110: =Automation!F136 -> #REF! | G110: =Automation!F137 -> #REF! | H110: =Automation!F138 -> #REF! | I110: =Automation!F139 -> #REF!
B111: 2 | C111: Hierarchy_Creation | D111: ='[1] Hierarchy_Creation'!F90 -> #REF! | E111: ='[1] Hierarchy_Creation'!F89 -> #REF! | F111: ='[1] Hierarchy_Creation'!F85 -> #REF! | G111: ='[1] Hierarchy_Creation'!F86 -> #REF! | H111: ='[1] Hierarchy_Creation'!F87 -> #REF! | I111: ='[1] Hierarchy_Creation'!F88 -> #REF!
B112: 3 | C112: User_Control | D112: =[2]User_Control!F82 -> #REF! | E112: =[2]User_Control!F81 -> #REF! | F112: =[2]User_Control!F77 -> #REF! | G112: =[2]User_Control!F78 -> #REF! | H112: =[2]User_Control!F79 -> #REF! | I112: =[2]User_Control!F80 -> #REF!
B113: 4 | C113: Home_Page | D113: =[3]Home_Page!F98 -> #REF! | E113: =[3]Home_Page!F97 -> #REF! | F113: =[3]Home_Page!F93 -> #REF! | G113: =[3]Home_Page!F94 -> #REF! | H113: =[3]Home_Page!F95 -> #REF! | I113: =[3]Home_Page!F96 -> #REF!
B114: 5 | C114: FlooHierarchy_edit_delete | D114: =[4]FlooHierarchy_edit_delete!F97 -> #REF! | E114: =[4]FlooHierarchy_edit_delete!F96 -> #REF! | F114: =[4]FlooHierarchy_edit_delete!F92 -> #REF! | G114: =[4]FlooHierarchy_edit_delete!F93 -> #REF! | H114: =[4]FlooHierarchy_edit_delete!F94 -> #REF! | I114: =[4]FlooHierarchy_edit_delete!F95 -> #REF!
B115: 6 | C115: Add_Switchboard | D115: =[10]Pairing!E209 -> #REF! | E115: =[10]Pairing!E208 -> #REF! | F115: =[10]Pairing!E204 -> #REF! | G115: =[10]Pairing!E205 -> #REF! | H115: =[10]Pairing!E206 -> #REF! | I115: =[10]Pairing!E207 -> #REF!
B116: 7 | C116: Connectivity | D116: =[6]Connectivity!G131 -> #REF! | E116: =[6]Connectivity!G130 -> #REF! | F116: =[6]Connectivity!G126 -> #REF! | G116: =[6]Connectivity!G127 -> #REF! | H116: =[6]Connectivity!G128 -> #REF! | I116: =[6]Connectivity!G129 -> #REF!
B117: 8 | C117: Analytics | D117: =[7]Analytics!F218 -> #REF! | E117: =[7]Analytics!F217 -> #REF! | F117: =[7]Analytics!F213 -> #REF! | G117: =[7]Analytics!F214 -> #REF! | H117: =[7]Analytics!F215 -> #REF! | I117: =[7]Analytics!F216 -> #REF!
B118: 9 | C118: Setting & Profile | D118: ='[8]Setting & Profile'!F165 -> #REF! | E118: ='[8]Setting & Profile'!F164 -> #REF! | F118: ='[8]Setting & Profile'!F160 -> #REF! | G118: ='[8]Setting & Profile'!F161 -> #REF! | H118: ='[8]Setting & Profile'!F162 -> #REF! | I118: ='[8]Setting & Profile'!F163 -> #REF!
B119: 10 | C119: Notification | D119: =[9]Notification!F127 -> #REF! | E119: =[9]Notification!F126 -> #REF! | F119: =[9]Notification!F122 -> #REF! | G119: =[9]Notification!F123 -> #REF! | H119: =[9]Notification!F124 -> #REF! | I119: =[9]Notification!F125 -> #REF!
B120: 11 | C120: Pairing | D120: =[10]Pairing!E209 -> #REF! | E120: =[10]Pairing!E208 -> #REF! | F120: =[10]Pairing!E204 -> #REF! | G120: =[10]Pairing!E205 -> #REF! | H120: =[10]Pairing!E206 -> #REF! | I120: =[10]Pairing!E207 -> #REF!
...

Sheet Automation
A1: m | D1: Page Consolidation
B3: TC NO | C3: AUTOMATION_TC_NAME | D3: MODE/MODULE | E3: DESCRIPTION | F3: STEPS TO FOLLOW | G3: Automation Status | H3: EXPECTED BEHAVIOUR | I3: PRIORITY | J3: status | K3: COMMENTS | L3: Used | M3: Android version | N3: Device Serial No | O3: VALIDATED_BY
B4: AUT_TC_NO_01 | C4: TC_02_SignIn_check | D4: Login Functional Check | E4: Check User able to login with Valid creditials | F4: 1. Open innomate app. 2. Enter InValid username and Password and check user not getting validation error. 3. Enter valid username and password and check user able to login to homepage | G4: Completed | I4: P0 | J4: NT
B5: AUT_TC_NO_02 | C5: TC_01_SignUp with Valid creds | D5: Sign Up Functional Check | E5: Check User able to sign up | F5: 1. Open innomate app. 2. Click sign Up Link and check user navigate to Sign Up page 3. Enter valid details and click sign up 4. Enter security answers and check user naviagte to Hierarchy create page | G5: Completed | I5: P0 | J5: NT
B6: AUT_TC_NO_03 | C6: TC_01_SignUp with Valid creds and Create Hierarchy | D6: Sign Up and Create Hierarchy | E6: Sign Up and Create Hierarchy | F6: 1. Open innomate app. 2. Click sign Up Link and check user navigate to Sign Up page 3. Enter valid details and click sign up 4. Enter security answers and check user naviagte to Hierarchy create page 5. Create 4 Level Hierarchy title and check user naviagte to home page 6. Create a 4 Level hierarchy level 7. Check user able to access created Hierarchy | G6: Completed | I6: P0 | J6: NT
B7: AUT_TC_NO_04 | C7: TC_04_removeswitchboard | D7: Pairing | E7: Check user able to Pair with single Device | F7: 1. Login into Innomate app. 2. Pair single node device. 3. Check Connectivy established. 4. Turn on/off. 5. Remove the device | G7: Completed | I7: P0 | J7: NT
B8: AUT_TC_NO_05 | C8: TC05_MultipleSchedule_Timer | D8: Schedule | E8: Check user switch Schedule works | F8: 1. Login into Innomate app. 2. Pair single node device. 3. Create 2 schedule with 2 mins each. 4. Check Schedule hits 5. Check analytics updated properly. | G8: Completed | I8: P0 | J8: NT
B9: AUT_TC_NO_06 | C9: TC_06_SceneCreation | D9: Scene Creation | E9: Check scene creation works | F9: 1. Login into Innomate app. 2. Pair single node device. 3. Check Connectivy established. 4. Turn on/off. 5. Naviagte to home page and create scene. 6. Check scene triggers and switch turn on as per scene. | G9: Completed | I9: P0 | J9: NT
B10: AUT_TC_NO_07 | D10: Edit switchBoardName/Switch Name | E10: Check user able to change Switch Board and switch name | F10: 1. Navigate to switch board page and user able to edit switch board name 2. Check changed name is reflecting in UI. 3. Change the switch name and check changed name is reflecting in UI. | G10: Completed | I10: P0
B11: AUT_TC_NO_08 | C11: TC_07_Device settings | D11: Device Settings | E11: check device setings High voltage values configuration | F11: 1. Login into Innomate app. 2. Pair single node device. 3. Check Connectivy established. 4. Navigate to Device settings page . 5.Navigate to High voltage cutoff 6.validate the high coltage threshold (v) | G11: Completed | I11: P0 | J11: NT
B12: AUT_TC_NO_09 | D12: Device Settings | E12: check device setings low voltage values configuration | F12: 1. Login into Innomate app. 2. Pair single node device. 3. Check Connectivy established. 4. Navigate to Device settings page . 5.Navigate to Low voltage cutoff 6.Validate the Low voltage threshold (v) | G12: Completed | I12: P0
B13: AUT_TC_NO_10 | C13: TC08_Profilepage | D13: Profile | E13: Check user able to update Profile details | F13: 1. Gointo profile section. 2. Check user able edit name,DOB and chane password. 3. Logout and login with new password and check user details updated properly. | G13: Completed | I13: P0 | J13: NT
B14: AUT_TC_NO_11 | C14: TC09_Multiuser | D14: User sharing | E14: Check user able to provide and revoke access to other user | F14: 1. Login into innomate app. 2. Click on users section and click share option. 3. Provide full access to user. 4. Check user got full access. 5. Revoke access to that user. 6. Check user revoke access. | G14: Completed | J14: NT
B15: AUT_TC_NO_12 | D15: User sharing | E15: Check Full access user able to control devices | F15: 1. Check Shared user able to access switch board. 2. Check user able to turn/off switch. 3. Create scehdule in shared user and check created schdule reflects in other user section main user. 4. Schdule triggers properly. | G15: Completed | I15: P0
B16: AUT_TC_NO_13 | D16: User sharing | E16: Check Partial access user able to control devices and not able to create schedule | F16: 1. Check Shared user able to access switch board. 2. Check user able to turn/off switch. 3. Check user not able to Create scehdule in shared user. | G16: Completed | I16: P0
B17: AUT_TC_NO_14 | D17: User sharing | E17: Check view only access user only have access view switch | F17: 1. Check Shared user able to access switch board. 2. Check user not able to turn/off switch. 3. Check user not able to Create scehdule in shared user. | G17: Completed | I17: P0
B18: AUT_TC_NO_15 | C18: TC10_SwitchLock_&_notifications | D18: Check Timer is working for Switch | E18: Check timer is working for switch | F18: 1. Navigate to Switch page and set a timer for 2 mins. 2. Turn the switch and check switch automatically turns off after 2 mins. | G18: Completed | I18: P0 | J18: NT
B19: AUT_TC_NO_16 | D19: Check switch lock Works | E19: Check switch lock works | F19: 1. Navigate to Switch page and enable switch lock 2. Check Switch lock symbol is enabled in Ui and user able to turn on off switch. | G19: Completed | I19: P0
B20: AUT_TC_NO_17 | D20: Check notifications | E20: Check User/Device notification received. | F20: 1. Login to innomate app. 2. Share user to new user. 3, Check user notifications received. 4. Do a factoty reset on current device and device notifications received. | G20: Completed | I20: P0
I21: P0 | J21: NT
I22: P0 | J22: NT
I23: P0 | J23: NT
I24: P0 | J24: NT
I25: P0 | J25: NT
I26: P0 | J26: NT
I27: P0 | J27: NT
I28: P0 | J28: NT
I29: P0 | J29: NT
I30: P0 | J30: NT
I31: P0 | J31: NT
I32: P0 | J32: NT
... I40: P0 | J40: NT
J41: NT
I42: P0 | J42: NT
I43: P0 | J43: NT | K43: https://192.168.10.128:81/issues/15913
I44: P0 | J44: NT
I45: P0 | J45: NT
J46: NT | K46: https://192.168.10.128:81/issues/15915
I47: P0 | J47: NT
I48: P0 | J48: NT
I49: P0 | J49: NT | K49: #14714
I50: P0 | J50: NT
I51: P0 | J51: NT
I52: P0 | J52: NT
I53: P0 | J53: NT | K53: COMMENTS | L53: Used | M53: Android version | N53: Device Serial No
I54: P0 | J54: NT
I55: P0 | J55: NT
I56: P0 | J56: NT
I57: P0 | J57: NT | K57: #14645
I58: P0 | J58: NT
I59: P0 | J59: NT
I60: P0 | J60: NT
I61: P0 | J61: NT
I62: P0 | J62: NT
I63: P0 | J63: NT
I64: P0 | J64: NT
I65: P0 | J65: NT
I66: P0 | J66: NT
I67: P0 | J67: NT
I68: P0 | J68: NT
I69: P0 | J69: NT
... I81: P0 | J81: NT
J82: NT | K82: For tab only ,both mode is visible
J83: NT
I84: P0 | J84: NT
I85: P0 | J85: NT | K85: #15925
J86: NT
J87: NT | K87: while navigating, In signUp Page, previous data will not be shown
I88: P0 | J88: NT
I89: P0 | J89: NT
I90: P0 | J90: NT
I91: P0 | J91: NT
I92: P0 | J92: NT
I93: P0 | J93: NT
I94: P0 | J94: NT
I95: P0 | J95: NT
I96: P0 | J96: NT
I97: P0 | J97: NT
J98: NT
J99: NT
J100: NT
J101: NT
I102: P0 | J102: NT
I103: P0 | J103: NT
I104: P0 | J104: NT
I105: P0 | J105: NT
I106: P0 | J106: NT | K106: #15930
I107: P0 | J107: NT | K107: #15930
E111: Andriod
E112: PASS | F112: =COUNTIF(J4:J107,E112) -> 0
E113: FAIL | F113: =COUNTIF(J4:J107,E113) -> 0
E114: NA | F114: =COUNTIF(J4:J107,E114) -> 0
E115: NT | F115: =COUNTIF(J4:J107,E115) -> 97
E116: Executed | F116: =SUM(F112:F114) -> 0
E117: Total | F117: =SUM(F112:F115) -> 97
E119: IOS_Safari
E120: PASS | F120: =COUNTIF(#REF!,E120) -> #REF!
E121: FAIL | F121: =COUNTIF(#REF!,E121) -> #REF!
E122: NA | F122: =COUNTIF(#REF!,E122) -> #REF!
E123: NT | F123: =COUNTIF(#REF!,E123) -> #REF!
...

Sheet Forget_Page
A1: Summary!A1 | C1: Page Consolidation
B2: TC NO | C2: MODE/MODULE | D2: DESCRIPTION | E2: STEPS TO FOLLOW | F2: EXPECTED BEHAVIOUR | G2: PRIORITY | H2: Android | I2: IOS | J2: Tab | K2: COMMENTS | L2: Used | M2: Android version | N2: Device Serial No | O2: VALIDATED_BY
B3: Forgot_Password TC_NO_01 | C3: Forgot_password Page | D3: Forgot_password UI | E3: 1.Verify alignment and spacing. 2.Check placeholder inside username input. 3.Look for icon in username field. 4.View the Submit button. 5Check “Back to Sign In” link. 6.View “Forgot Password” title. | F3: 1.All elements (title, input, button, links) should be properly aligned and evenly spaced. 2.Placeholder should be "Username" with a red asterisk for mandatory. 3.Username icon should be clearly visible inside the input. 4.Button should be clearly labeled, have proper padding and background color. 5.Should be properly aligned below the Submit button and colored differently (indicating a link). 6.Should be bold and clearly distinguishable from other text. | G3: P0 | H3: NT | I3: NT | J3: NT
B4: Forgot_Password TC_NO_02 | C4: Forgot_password Page | D4: Forgot_password Functional Valid | E4: 1.Enter a valid username and click Submit. 2.Leave the username field empty and click Submit. 3.Click on “Back to Sign In” link. 4.Enter a valid username and click Submit. | F4: 1.Password reset process should initiate or show confirmation. 2.Error message should appear indicating username is required. 3.Should redirect the user to the Sign-In screen. 4.User navigate to Security Question Page without any Issue. | G4: P1 | H4: NT | I4: NT | J4: NT
B5: Forgot_Password TC_NO_03 | C5: Forgot_password Page | D5: Forgot_password Functional Invalid | E5: 1.Enter an invalid or non-registered username and click Submit. 2.Try entering special characters or invalid inputs. 3.Click the Submit button multiple times quickly. | F5: 1.Proper error/validation message should appear (e.g., “Username not found”). 2.Should restrict or show validation if not allowed. 3.Button should either disable after first click or prevent multiple requests. | G5: P2 | H5: NT | I5: NT | J5: NT
B6: Forgot_Password TC_NO_04 | C6: Security_Question Page | D6: Security_Question UI | E6: 1.Check text at the top of the screen. 2.Inspect question labels. 3.Check the placeholder inside both input fields. 4.Check the appearance of the Verify button. | F6: 1.Title should read "Security Question" and be clearly visible. 2.Each question should be numbered and clearly stated. 3.Should show "Your answer" in a readable gray font. 4.Button should be centered, have consistent padding, and readable label. | G6: P3 | H6: NT | I6: NT | J6: NT
B7: Forgot_Password TC_NO_05 | C7: Security_Question Page | D7: Security_Question Functional Valid | E7: 1.Enter valid answers for both questions and click Verify. 2.Enter an answer for only one question and click Verify 3.Leave both fields blank and click Verify. 4.Click on “Back to Sign In”. 5.Use Tab to move between fields and button. 6.Paste an answer in both fields. | F7: 1.Should proceed to the next step (e.g., password reset screen). 2.Should show error message prompting to fill both answers. 3.Should show validation error (e.g., “Both fields are required”). 4.Should redirect user to the login/sign-in page. 5.Keyboard focus should move correctly and allow full interaction. 6.Pasting should be allowed and accepted as input. | G7: P4 | H7: NT | I7: NT | J7: NT
B8: Forgot_Password TC_NO_06 | C8: Security_Question Page | D8: Security_Question Functional InValid | E8: 1.Enter symbols like !@#$%^&* in both fields. 2.Input 1-2 characters (e.g., "A", "XY"). 3.Input numbers (e.g., 123456) in both fields. 4.Enter incorrect answers multiple times. 5.Input spaces (e.g., " ") and submit. | F8: 1.Should either show validation or treat as incorrect answer. 2.Should show validation if there's a minimum length requirement. 3.Should display error if the answers do not match expected format. 4.Should show a warning after a set number of failed attempts (if implemented). 5.Should display error as input is considered empty. | G8: P5 | H8: NT | I8: NT | J8: NT
B9: Forgot_Password TC_NO_07 | C9: Reset_password Page | D9: Reset_password UI | E9: 1.Check title at the top. 2.Inspect both input fields. 3.Check the eye icon. 4.Look at the Continue button. 5.Check “Back to Sign In” link. 6.Visually inspect the fields. 7.Check all text for font consistency. | F9: 1.Title should display "Reset Password" clearly and prominently. 2.Labels should be "New Password" and "Confirm Password", with lock icons and visibility toggle. 3.Clicking the eye icon should toggle password visibility. 4.Button should be centered, visually distinct, and properly styled. 5.Should be readable and clearly placed below the button. 6.All elements should be aligned, evenly spaced, and responsive. 7.Fonts, size, and colors should be uniform and accessible. | G9: P6 | H9: NT | I9: NT | J9: NT
B10: Forgot_Password TC_NO_08 | C10: Reset_password Page | D10: Reset_password Functional Valid | E10: 1.Enter matching, valid new password and confirmation. 2.Click the eye icon in password fields. 3.Click on “Back to Sign In”. 4.Enter different values in both fields. 5.Fill both fields and press Enter. 6.Enter long password (e.g., > 100 chars). 7.Leave one or both fields empty and click Continue. 8. Enter New Password and Confirm password same and click on Continue button, user should get success message. 9. Try login with new password and check User is naviagted to home page. | F10: 1.Should proceed successfully with confirmation or redirection. 2.Should show/hide password characters as expected. 3.Should navigate user to the login screen. 4.Should display error message (e.g., "Passwords do not match") 4.Form should submit successfully as if clicking the Continue button. 6.Field should restrict to allowed max length or give error. 7.Should display required field error(s). 8. Enter New Password and Confirm password same and click on Continue button, user should get success message. 9. Try login with new password and User should naviagte to home page. | G10: P7 | H10: NT | I10: NT | J10: NT
B11: Forgot_Password TC_NO_09 | C11: Reset_password Page | D11: Reset_password Functional InValid | E11: 1.Enter different values in "New Password" and "Confirm Password". 2.Enter weak password (e.g., "1234" or "abcd"). 3.Enter only spaces in password fields. 4.Enter only symbols (e.g., @#$%). 5.Leave both fields empty and click Continue. 6.Enter a password that matches the old one (if known). 7.Enter fewer than required characters (e.g., < 6) | F11: 1.Show validation: "Passwords do not match". 2.Show error or warning: "Password too weak". 3.Show validation error: "Password cannot be blank or whitespace only". 4.Validate against password policy and show appropriate error. 5.Display "Password is required" for both fields. 6.Should show: "New password must be different from old password" (if implemented). 7.Should display error: "Password must be at least X characters". | G11: P8 | H11: NT | I11: NT | J11: NT
E13: Andriod
E14: PASS | F14: =COUNTIF(H3:H11,E14) -> 0
E15: FAIL | F15: =COUNTIF(H3:H11,E15) -> 0
E16: NA | F16: =COUNTIF(H3:H11,E16) -> 0
E17: NT | F17: =COUNTIF(H3:H11,E17) -> 9
E18: Executed | F18: =SUM(F14:F16) -> 0
E19: Total | F19: =SUM(F14:F17) -> 9
E21: IOS_Safari
E22: PASS | F22: =COUNTIF(I3:I11,E22) -> 0
E23: FAIL | F23: =COUNTIF(I3:I11,E23) -> 0
E24: NA | F24: =COUNTIF(H3:H11,E24) -> 0
E25: NT | F25: =COUNTIF(I3:I11,E25) -> 9
E26: Executed | F26: =SUM(F22:F24) -> 0
E27: Total | F27: =SUM(F22:F25) -> 9
E29: TAB_Safari
E30: PASS | F30: =COUNTIF(J3:J11,E30) -> 0
E31: FAIL | F31: =COUNTIF(J3:J11,E31) -> 0
E32: NA | F32: =COUNTIF(J3:J11,E32) -> 0
E33: NT | F33: =COUNTIF(J3:J11,E33) -> 9
E34: Executed | F34: =SUM(F30:F32) -> 0
E35: Total | F35: =SUM(F30:F33) -> 9
E37: TOTAL
E38: PASS | F38: =SUM(F14,F22,F30) -> 0
E39: FAIL | F39: =SUM(F15,F23,F31) -> 0
E40: NA | F40: =SUM(F16,F24,F32) -> 0
E41: NT | F41: =SUM(F17,F25,F33) -> 27
E42: Executed | F42: =SUM(F18,F26,F34) -> 0
E43: Total | F43: =SUM(F19,F27,F35) -> 27

Sheet Copy of Add_Switchboard_pras
A2: Summary!A1 | C2: Page Consolidation
B3: TC NO | C3: MODE/MODULE | D3: DESCRIPTION | E3: STEPS TO FOLLOW | F3: EXPECTED BEHAVIOUR | G3: PRIORITY | H3: Android | I3: IOS | J3: Tab | K3: COMMENTS | L3: Used | M3: Android version | N3: Device Serial No | O3: VALIDATED_BY
B4: TC_01 | C4: Add Switch board | D4: Ensure device names with invalid special characters are rejected. | E4: Precondition: - User is on the Add Device page. - Pairing flow is already completed, and user is ready to enter the device name. 1. Navigate to the 'Enter Name of your smart panel' field. 2. Enter a device name containing special characters (e.g., @#%Device). 3. Tap on Save. | F4: 1. System should validate the input. 2. An error message is displayed (e.g., “Special characters are not allowed in panle name”). 3. Device should not be added until corrected. | H4: NT | I4: NT | J4: NT
B5: TC_02 | C5: Add Switch board | D5: Verify that entering a panel name longer than 11 characters shows an error message and prevents pairing. | E5: Preconditions: - Android app is installed and launched. - Device pairing page is accessible. 1. Navigate to the 'Add Switch' page. 2. Enter a Panel name with more than 11 characters. 3. Attempt to complete Save. | F5: 1. Error message is displayed: “Device name cannot exceed 10 characters.” 2. Pairing is not completed until a valid name is entered. | H5: NT | I5: NT | J5: NT
B6: TC_03 | C6: Add Switch board | D6: Ensure device names shorter than 3 characters are rejected. | E6: Preconditions: 1. App is installed and launched. 2. Device pairing page is accessible. 1. Navigate to the device pairing page. 2. Enter a device name with less than 3 characters (e.g., “A”, “AB”). 3. Attempt to complete pairing. | F6: 1. Error message displayed: “Device name must be at least 3 characters.” 2. Pairing is not completed until a valid name is entered. | H6: NT | I6: NT | J6: NT
B7: TC_04 | C7: Add Switch board | D7: Verify numeric-only device names are accepted during pairing. | E7: Preconditions: - Device pairing is in progress. - User is on the Device Name entry screen. 1. Enter a numeric-only device name (e.g., 12345). 2. Tap Save to proceed with pairing. | F7: 1. The numeric name is accepted as valid. 2. Pairing proceeds successfully. 3. Device appears in the device list/dashboard with the numeric name. | H7: NT | I7: NT | J7: NT
B8: TC_05 | C8: Add Switch board | D8: Verify app retains input data when sent to background during entry. | E8: Preconditions: - Device pairing is in progress. - User is on the Device Name or Switch Name & Load Type entry screen. 1. Enter partial or complete device/switch details. 2. Minimize the app (send it to background) without saving. 3. Reopen the app. 4. Navigate back to the entry screen. | F8: 1. All previously entered data remains intact. 2. User can continue pairing without re-entering information. 3. Pairing completes successfully. | H8: NT | I8: NT | J8: NT
B9: TC_06 | C9: Add Switch board | D9: Default device name assignment on app close | E9: Preconditions: - Device pairing is successfully completed. - User is on the Device Name entry screen. 1. When prompted to enter the Panel Name, leave it blank. 2. Kill the app (force close). 3. Reopen the app and check the device list. | F9: 1. The system should automatically assign a default device name (e.g., Device_001 or Switch_board_1). 2. The device should appear in the Home Page/device list with this default name, and all switches should also have unique default names without duplicates (e.g., Switch_1, Switch_2, …). 3. User should be able to later rename both the device and switches from Edit Device Settings. | H9: NT | I9: NT | J9: NT
B10: TC_07 | C10: Add Switch board | D10: Default device name assignment on second panel addition | E10: Preconditions: - First panel is already paired and available in the device list. - User is on the Device Name entry screen while adding a second panel. 1. When prompted to enter the Panel Name for the second panel, leave it blank. 2. Kill the app (force close). 3. Reopen the app and check the device list. | F10: 1. The system should automatically assign a default name to the second panel (e.g., Device_002 or Switch_board_2). 2. Both the first and second panels should appear in the Home Page/device list with unique default names. 3. All switches of the second panel should also have unique default names without duplicates (e.g., Switch_1, Switch_2 …). 4. User should be able to later rename the second panel and its switches from Edit Device Settings. | H10: NT | I10: NT | J10: NT
B11: TC_08 | D11: Ensures back navigation on the Switch Board Name page does not proceed with pairing. | E11: Preconditions: - First panel is already paired and available in the device list. - User is on the Device Name entry screen. 1. Enter the Switch Board Name screen during pairing. 2. Press the mobile back button. | F11: 1. No further action should proceed. 2. User should remain on the Switch Board Name page until a valid name is entered or confirmed. | H11: NT | I11: NT | J11: NT
B12: TC_09 | C12: Add Switch board | D12: Verify switch count for V1 after saving panel name | E12: Preconditions: - V1 panel pairing is successfully completed. - User is on the Panel Name entry screen. 1. Enter a valid panel name (e.g., LivingRoom_V1). 2. Save the panel name. 3. Navigate to the detailed view of the V1 panel. | F12: 1. The V1 panel should display exactly 6 switches after the panel name is saved. | H12: NT | I12: NT | J12: NT
B13: TC_10 | C13: Add Switch board | D13: Verify switch count for V2 Single after saving panel name | E13: Preconditions: - V2 Single panel pairing is successfully completed. - User is on the Panel Name entry screen. 1. Enter a valid panel name (e.g., Bedroom_V2). 2. Save the panel name. 3. Navigate to the detailed view of the V2 Single panel. | F13: 1. The V2 Single panel should display exactly 1 switch after the panel name is saved. | H13: NT | I13: NT | J13: NT
B14: TC_11 | C14: Add Switch board | D14: Verify switch count for V2 Dual after saving panel name | E14: Preconditions: - V2 Dual panel pairing is successfully completed. - User is on the Panel Name entry screen. 1. Enter a valid panel name (e.g., LivingRoom_V2). 2. Save the panel name. 3. Navigate to the detailed view of the V2 Dual panel. | F14: 1. The V2 Dual panel should display exactly 2 switches after the panel name is saved. | H14: NT | I14: NT | J14: NT
B15: TC_12 | C15: Add Switch board | D15: Verify switch name does not accept special characters | E15: Preconditions: - Device is paired and panel is added successfully. - User is on the Switch Name entry/edit screen. 1. Enter a switch name with special characters (e.g., $Light1). 2. Attempt to save the switch name. | F15: 1. The system should reject the name. 2. An error message should be displayed (e.g., “Special characters are not allowed in switch name.”). 3. Switch name should remain editable for correction. | H15: NT | I15: NT | J15: NT
B16: TC_13 | C16: Add Switch board | D16: Verify duplicate switch names are not allowed | E16: Preconditions: - Device is paired and panel name saved. - User is on the Switch Name entry screen. 1. Enter a name for Switch 1 (e.g., Light1). 2. Enter the same name for Switch 2 (e.g., Light1). 3. Attempt to save. | F16: 1. System should reject the duplicate entry. 2. Error message is displayed (e.g., “Switch name must be unique.”). 3. User remains on the naming screen until corrected. | H16: NT | I16: NT | J16: NT
B17: TC_14 | C17: Add Switch board | D17: Verify default switch name is applied when app is Kill mid-entry | E17: Preconditions: - Device is paired Panel name added. - User is on the Switch Name entry screen. 1. On the Switch Name entry screen, leave some or all switch names blank. 2. Force Kill the app without saving. 3. Reopen the app and navigate to the device/switch list. | F17: 1. The saved Panel name should remain unchanged as entered previously. 2. The system should automatically assign default switch names (e.g., Switch_1, Switch_2, …) for any blank entries. 3. The device should appear with all switches listed under these default names. 4. User should be able to later rename switches from Edit Switch Settings. | H17: NT | I17: NT | J17: NT
B18: TC_15 | C18: Add Switch board | D18: Ensures back navigation on the Switch Name page does not proceed. | E18: Preconditions: - Device is paired Panel name added. - User is on the Switch Name entry screen. 1. On the Switch Name input page, press the mobile back button. 2. Observe the app behavior. | F18: 1. No further action or page navigation from Switch Name input to Switch Board Name input popup. 2. User remains on the same page until valid input or navigation is chosen. | H18: NT | I18: NT | J18: NT
B19: TC_16 | C19: Add Switch board | D19: Ensure error is shown if load type is skipped while entering switch names. | E19: Preconditions: - Device is paired and Panel Name has been added. - User is on the Switch Name entry screen. 1. Enter switch names (valid or blank as per case). 2. Do not select any load type for one or more switches. 3. Tap Save. | F19: 1. System should display an error message (e.g., “Please select a load type for all switches”). 2. User should not be allowed to proceed until a load type is assigned to each switch. | H19: NT | I19: NT | J19: NT
B20: TC_17 | C20: Add Switch board | D20: Switch load type Ensures unselected load types default to Socket while device/switch names remain saved. | E20: Preconditions: - Device pairing is completed. - User is on the Switch Name entry screen. 1. On the Switch Name & Load Type screen, leave the load type unselected. 2. Force close the app without saving. 3. Reopen the app and navigate to the same device’s switch list. | F20: 1. The system should automatically assign the default load type as Socket for all switches where no load type was selected, and a corresponding switch image should be displayed for each. 2. Device and switch names should persist as per the previously saved entries. 3. User can later update the load type from Edit Switch Settings. | H20: NT | I20: NT | J20: NT
B21: TC_18 | C21: Add Switch board | D21: Checks input fields and dropdowns are clear, aligned, and responsive. | E21: Preconditions: - Device pairing is completed. - User is on the Switch Name entry screen 1. Check visibility and alignment of input fields and dropdowns. 2. Interact with fields to verify responsiveness. 3. Verify labels and placeholders are readable. | F21: 1. All fields and dropdowns are properly aligned, responsive, and clearly visible. | H21: NT | I21: NT | J21: NT
B22: TC_19 | C22: Add Switch board | D22: Verify device pairing completes within 5s on stable Wi-Fi. | E22: Preconditions: - Device is paired under a stable Wi-Fi connection. 1. Start the device pairing process under stable Wi-Fi. 2. Complete the pairing and setup. 3. Measure response/processing time. | F22: 1. Device addition should be completed within 5 seconds under a stable network. | H22: NT | I22: NT | J22: NT
B23: TC_20 | C23: Add Switch board | D23: Verify device pairing handles weak Wi-Fi by showing retry or error message gracefully. | E23: Preconditions: - Device is ready for pairing. - User’s phone is connected to a weak/unreliable Wi-Fi network. 1. Start device pairing under weak Wi-Fi conditions. 2. Monitor the app response during the pairing process. 3. Check for retry/error prompts if connection fails. | F23: 1. Pairing should not proceed silently. 2. The app should display a retry option or error message gracefully. 3. No app crash or freeze should occur. | H23: NT | I23: NT | J23: NT
... B32: TC_29 | C32: Add Switch board | D32: Verify app handles network loss gracefully during device setup without data loss. | E32: Preconditions: - Device pairing is in progress. - Device is connected to Wi-Fi or mobile data. - User is on the Device Name or Switch Name & Load Type entry screen. 1. Start entering device/switch details and begin pairing. 2. Disconnect Wi-Fi or mobile data mid-setup. 3. Observe app behavior: check for retry prompts, error messages, or automatic reconnection attempts. 4. Reconnect network and continue pairing process. | F32: 1. App displays a clear error or retry message without crashing. 2. Previously entered data is retained. 3. User can resume pairing once the network is restored. | H32: NT | I32: NT | J32: NT
C33: ADD DEVICE NAME IN SWITCHBOARD | D33: Add new switchboard name UI Check | E33: 1.Check Top of the page "Switchboard "Title is centrally present 2.Check Textbox input field present 3.Check Placeholder text present or not . 4.Check UI Layout by Using page on phone, tablet, iPad and Rotate it in landscape/portrait | F33: 1.Top of the page "Switchboard "Title should be present. 2.Textbox field should be present. 3.Placeholder text "Enter your smart panel name" should be present 4.UI adapts, is touch-friendly, no clipping/overflow | H33: NT | I33: NT | J33: NT
C34: ADD DEVICE NAME IN SWITCHBOARD | D34: Add new switchboard name Valid Check | E34: 1.Check Device name accepts valid alpha-numeric input, within limit 2.Verify while entering On device name page,then close app and Reopen app | F34: 1.Device name should be accepted, user proceeds to switch naming 2.Device gets default name (e.g., “MyDevice123”), user must able to edit this later | H34: NT | I34: NT | J34: NT
C35: ADD DEVICE NAME IN SWITCHBOARD | D35: Add new switchboard name InValid Check | E35: 1.Check Device name field with empty input 2.Check Device name as entering special characters (Eg: ‘My@Device!’) 3.Enter name exceeding max length (e.g., 15+ chars) | F35: 1.Error message as “Device name cannot be empty” should appear and Save button should be disabled 2.Error message as “Special characters not allowed” should appear . 3.Error message as “Enter name within 10 Characters” should appear. | H35: NT | I35: NT | J35: NT
B36: Add_Switchboard_TC_76 | C36: EDIT SWITCH BOARD | D36: Edit Switch Board Page UI Check | E36: Pre-Condition : - In Room Page, After Clicking SideBar Menu ,In that after clicking Switchboard Edit it navigates directly to Add Switch Page 1.Check if header, back icon, location breadcrumb, text fields, dropdowns, 3-dot menu, and Save are aligned properly 2.Check placeholder text displaying "pairing time entered switch name" or “Enter Switch Name” is present or not 3.Tap dropdown on any row 4.Observe Save button across all screens | F36: 1.All UI components should be aligned and visible properly on all screens 2.In Placeholder Text, While displaying "Pairing time entered switch name" or “Enter Switch Name” should be present 3.Should display types like “Fan, Light, AC, TV, Other” with proper spacing 4.Save button should be aligned, styled consistently, and inactive until valid input is entered | H36: NT | I36: NT | J36: NT
B37: Add_Switchboard_TC_77 | C37: EDIT SWITCH BOARD | D37: Edit Switch Board Page UI Check | E37: 5.Check After Entering Switch Name, it changes correctly or not . Eg: ( 'Ac' ) 6.Check After Clicking any Fields in the Dropdown, Atlast Selected Specific Field is shown or not 7.Verify After Clicking 3 dots, Edit option is shown or not 8.Check After Clicking Edit Option, It shows Enter Switch Name Page or not | F37: 5.After Entering Switch Name, it should change correctly 6.After Clicking any Fields in the Dropdown, Atlast Selected Specific Field should be shown 7.After Clicking 3 dots, Edit option should be shown 8.After Clicking Edit Option, It should directly show Enter Switch Name Page | H37: NT | I37: NT | J37: NT
B38: Add_Switchboard_TC_78 | C38: EDIT SWITCH BOARD | D38: Edit Switch Board Page Functionality Check | E38: 1.Check Dropdown and its sub section are clickable or not 2.Check 3 dot button and its edit Button is clickable or not 3.Check After Changes Save Button is clickable or not 4.In Enter Switch Name Page , Check User able to enter or not 5. Check App Back button is clickable or not | F38: 1.Dropdown and its sub section should be clickable 2. 3 dot button and its edit Button should be clickable 3. After Changes Save Button should be clickable 4.In Enter Switch Name Page , User should able to enter in the field 5.App Back button should be clickable | H38: NT | I38: NT | J38: NT
B39: Add_Switchboard_TC_79 | C39: EDIT SWITCH BOARD | D39: Edit Switch Board Page Valid Check | E39: 1.Enter unique switch name (e.g., “Fan 1”), select type from dropdown, tap Save (Page 1/2) 2.Enter multiple names + types in available rows eg.(Max 6 switches) 3.Enter new switch name manually | F39: 1.Switch should be added successfully 2.All entered switches should be saved when Save is tapped 3.Field should accept new name and activate Save button | H39: NT | I39: NT | J39: NT
B40: Add_Switchboard_TC_80 | C40: EDIT SWITCH BOARD | D40: Edit Switch Board Page Valid Check | E40: 4.Leave name field blank or unselected type, try to tap Save 5.Enter duplicate switch names 6.Choose “Fan” from type dropdown → keep name field blank → Tap Save | F40: 4.Save button should remain disabled unless all required fields are filled 5.App should prevent duplicate names or display a warning 6.Save button should remain inactive | H40: NT | I40: NT | J40: NT
B41: Add_Switchboard_TC_81 | C41: EDIT SWITCH BOARD | D41: Edit Switch Board Page InValid Check | E41: 1.Add duplicate switch names eg :(Enter “Fan 1” in two different rows → Tap Save) 2.Enter unsupported special characters in name eg :(Enter special characters like @#&%* in switch name field → Tap Save) 3.Complete all required fields → Turn off internet → Tap Save | F41: 1.Should show validation error or prevent submission 2.Should display error or not allow save if unsupported characters are restricted 3.App should show appropriate error or offline handling message | H41: NT | I41: NT | J41: NT
D44: New Test Cases for Device_Add_1 | E44: Raashid
B46: Add Device_1_tc_001 | C46: ADD DEVICE NAME IN SWITCHBOARD | D46: Add new switchboard name Valid Check | E46: 1.Check Device name accepts valid alpha-numeric input, within limit 2.Verify while entering On device name page,then close app and Reopen app | F46: 1.Device name should be accepted, user proceeds to switch naming 2.Device gets default name (e.g., “MyDevice123”), user must able to edit this later | H46: NT | I46: NT | J46: NT
B47: Add Device_1_tc_002 | C47: ADD DEVICE NAME IN SWITCHBOARD | D47: Add new switchboard name InValid Check | E47: 1.Check Device name field with empty input 2.Check Device name as entering special characters (Eg: ‘My@Device!’) 3.Enter name exceeding max length (e.g., 15+ chars) | F47: 1.Error message as “Device name cannot be empty” should appear and Save button should be disabled 2.Error message as “Special characters not allowed” should appear . 3.Error message as “Enter name within 10 Characters” should appear. | H47: NT | I47: NT | J47: NT
B48: Add Device_1_tc_003 | C48: ADD SWITCH PAGE | D48: Add switch Page Valid Check | E48: 1.Check Switch name accepts valid alpha-numeric input (Eg : MainLight) 2.Verify while entering On Switch name,then close app and Reopen app | F48: 1.Field should be accepted. 2.Switch name gets default name (e.g., “Switch 1”), user must able to edit this later | H48: NT | I48: NT | J48: NT
B49: Add Device_1_tc_004 | C49: ADD SWITCH PAGE | D49: Add switch Page InValid Check | E49: 1.Check Switch name as entering special characters (Eg: ‘Fan!@#’) 2.Check entering Input name by exceeding limit | F49: 1.Error message as “Special characters not allowed” should appear . 2.Error or input should be capped. | H49: NT | I49: NT | J49: NT
H50: NT | I50: NT | J50: NT
E51: Varadharajan | H51: NT | I51: NT | J51: NT
B52: Add Device_1_TC_01 | C52: Add_Switchboard | D52: Verify switches display as square cards under room | E52: Pre-Conditions Room has multiple switches paired 1.Navigate to the last hierarchy. 2.Open a room with multiple paired switches. | F52: All switches for that room are displayed as square cards below the “Devices” heading. | H52: NT | I52: NT | J52: NT
B53: Add Device_1_TC_02 | C53: Add_Switchboard | D53: Verify load type image shown for each switch | E53: Pre-Conditions Switch configured with load type 1.Open a room with multiple switches. 2.Check each switch card on room page and individual switch page. | F53: Correct load image is displayed per switch type (e.g., fan → fan icon, light → light icon, others → generic switch icon). | H53: NT | I53: NT | J53: NT
B54: Add Device_1_TC_03 | C54: Add_Switchboard | D54: Verify ON/OFF relay status on switch card | E54: Pre-Conditions Switch is paired & Connectivity online state 1.Toggle the switch ON and OFF. 2.Observe the switch card. | F54: 1.Switch card updates to show correct relay ON/OFF status. both App and device | H54: NT | I54: NT | J54: NT
B55: Add Device_1_TC_04 | C55: Add_Switchboard | D55: Verify Switch Box name & Switch name display | E55: Pre-Conditions Switch is paired & Connectivity online state 1.Open a room. 2.Observe each switch card name and characters | F55: 1.Left-down area of card shows correct Switch Board name and Switch name. | H55: NT | I55: NT | J55: NT
B56: Add Device_1_TC_05 | C56: Add_Switchboard | D56: Verify connectivity disable icon for offline device | E56: Precondition: Device is offline or disable Internet/WIFI. 1.Disable the Connectivity or Turn off the Device Power supply. 2.Close and open the Mobile App. | F56: 1.Red color “No connectivity” symbol appears on all switch cards. 2.“Switch Board Connection lost” text appears on each respective switch page. | H56: NT | I56: NT | J56: NT
B57: Add Device_1_TC_06 | C57: Add_Switchboard | D57: Verify room name display on switch page | E57: Precondition: Valid room hierarchy. 1.Open switch list for a room. 2.Verify hamburger menu available top-right | F57: 1.Room name is displayed at the top of the switch page. 2.Hamburger menu visible at right top | H57: NT | I57: NT | J57: NT
B58: Add Device_1_TC_07 | C58: Add_Switchboard | D58: Verify theme applied on switch list | E58: Precondition: Theme enabled in device settings. 1.Change app theme to Light/Dark/Auto. 2.Open switch list page. | F58: 1.Switch list page adapts to the selected theme. | H58: NT | I58: NT | J58: NT
B59: Add Device_1_TC_08 | C59: Add_Switchboard | D59: Verify switch name display at top center | E59: Precondition: Switch is configured. 1.Open a switch. 2.Observe the title area. | F59: Switch name is displayed at the top center of the page. | H59: NT | I59: NT | J59: NT
B60: Add Device_1_TC_09 | C60: Add_Switchboard | D60: Verify back button navigation from switch pag | E60: 1.Open a switch page. 2.Tap the back button. | F60: 1.User is navigated back to the switch list page. | H60: NT | I60: NT | J60: NT
B61: Add Device_1_TC_10 | C61: Add_Switchboard | D61: Verify Energy Consumed displayed in units | E61: Precondition: Device is online. 1.Open a switch page. 2.Check the Energy Consumed | F61: 1.Energy consumed is displayed correctly in units. In Watts | H61: NT | I61: NT | J61: NT
B62: Add Device_1_TC_11 | C62: Add_Switchboard | D62: Verify switch ON/OFF toggle functionality | E62: Precondition: Device is online 1.Toggle the switch ON/OFF. 2.Check the device state. | F62: 1.Device relay toggle should ON/OFF correctly. | H62: NT | I62: NT | J62: NT
B63: Add Device_1_TC_12 | C63: Add_Switchboard | D63: Verify live energy Periodic value display (V, P, I) | E63: 1.Turn ON the switch. 2.Check the Periodic value section. | F63: 1.Live Voltage (V), Current (I), and Power (P) values are displayed correctly. | H63: NT | I63: NT | J63: NT
... B68: Add Device_1_TC_17 | C68: Add_Switchboard | D68: Verify switch card order consistency | E68: 1.Note the order of switch cards. 2.Close and reopen the app. | F68: Switch cards appear in the same order as before also orderwise | H68: NT | I68: NT | J68: NT
B69: Add Device_1_TC_18 | D69: Verify switch card resize on TAB | E69: Precondition: Device = TAB.,Android,IOS 1.Open the app on a TAB device. 2.Navigate to switch list. | F69: Switch cards resize correctly and display in proper grid layout.(Android,IOS) | H69: NT | I69: NT | J69: NT
B70: Add Device_1_TC_19 | C70: Add_Switchboard | D70: Verify switch card refresh after renaming | E70: Precondition: Rename completed. Rename any switch. Open the switch card. | F70: Updated switch name is displayed on the card. | H70: NT | I70: NT | J70: NT
B71: Add Device_1_TC_20 | C71: Add_Switchboard | D71: Verify switch name at top and back button navigation | E71: 1.Open a switch. 2.Check that switch name is shown at top-center. 3.Tap the back button. | F71: Switch name is displayed at the top-center, and back button navigates to the switch list. | H71: NT | I71: NT | J71: NT
H74: NT | I74: NT | J74: NT
C79: ADD DEVICE NAME IN SWITCHBOARD | D79: Add new switchboard name UI Check | E79: 1.Check Top of the page "Switchboard "Title is centrally present 2.Check Textbox input field present 3.Check Placeholder text present or not . 4.Check UI Layout by Using page on phone, tablet, iPad and Rotate it in landscape/portrait | F79: 1.Top of the page "Switchboard "Title should be present. 2.Textbox field should be present. 3.Placeholder text "Enter your smart panel name" should be present 4.UI adapts, is touch-friendly, no clipping/overflow
C80: ADD DEVICE NAME IN SWITCHBOARD | D80: Add new switchboard name Valid Check | E80: 1.Check Device name accepts valid alpha-numeric input, within limit 2.Verify while entering On device name page,then close app and Reopen app | F80: 1.Device name should be accepted, user proceeds to switch naming 2.Device gets default name (e.g., “MyDevice123”), user must able to edit this later | H80: NT | I80: NT | J80: NT
C81: ADD DEVICE NAME IN SWITCHBOARD | D81: Add new switchboard name InValid Check | E81: 1.Check Device name field with empty input 2.Check Device name as entering special characters (Eg: ‘My@Device!’) 3.Enter name exceeding max length (e.g., 15+ chars) | F81: 1.Error message as “Device name cannot be empty” should appear and Save button should be disabled 2.Error message as “Special characters not allowed” should appear . 3.Error message as “Enter name within 10 Characters” should appear. | H81: NT | I81: NT | J81: NT
B84: Add_Switchboard_TC_76 | C84: EDIT SWITCH BOARD | D84: Edit Switch Board Page UI Check | E84: Pre-Condition : - In Room Page, After Clicking SideBar Menu ,In that after clicking Switchboard Edit it navigates directly to Add Switch Page 1.Check if header, back icon, location breadcrumb, text fields, dropdowns, 3-dot menu, and Save are aligned properly 2.Check placeholder text displaying "pairing time entered switch name" or “Enter Switch Name” is present or not 3.Tap dropdown on any row 4.Observe Save button across all screens | F84: 1.All UI components should be aligned and visible properly on all screens 2.In Placeholder Text, While displaying "Pairing time entered switch name" or “Enter Switch Name” should be present 3.Should display types like “Fan, Light, AC, TV, Other” with proper spacing 4.Save button should be aligned, styled consistently, and inactive until valid input is entered | H84: NT | I84: NT | J84: NT
B85: Add_Switchboard_TC_77 | C85: EDIT SWITCH BOARD | D85: Edit Switch Board Page UI Check | E85: 5.Check After Entering Switch Name, it changes correctly or not . Eg: ( 'Ac' ) 6.Check After Clicking any Fields in the Dropdown, Atlast Selected Specific Field is shown or not 7.Verify After Clicking 3 dots, Edit option is shown or not 8.Check After Clicking Edit Option, It shows Enter Switch Name Page or not | F85: 5.After Entering Switch Name, it should change correctly 6.After Clicking any Fields in the Dropdown, Atlast Selected Specific Field should be shown 7.After Clicking 3 dots, Edit option should be shown 8.After Clicking Edit Option, It should directly show Enter Switch Name Page | H85: NT | I85: NT | J85: NT
B86: Add_Switchboard_TC_78 | C86: EDIT SWITCH BOARD | D86: Edit Switch Board Page Functionality Check | E86: 1.Check Dropdown and its sub section are clickable or not 2.Check 3 dot button and its edit Button is clickable or not 3.Check After Changes Save Button is clickable or not 4.In Enter Switch Name Page , Check User able to enter or not 5. Check App Back button is clickable or not | F86: 1.Dropdown and its sub section should be clickable 2. 3 dot button and its edit Button should be clickable 3. After Changes Save Button should be clickable 4.In Enter Switch Name Page , User should able to enter in the field 5.App Back button should be clickable | H86: NT | I86: NT | J86: NT
B87: Add_Switchboard_TC_79 | C87: EDIT SWITCH BOARD | D87: Edit Switch Board Page Valid Check | E87: 1.Enter unique switch name (e.g., “Fan 1”), select type from dropdown, tap Save (Page 1/2) 2.Enter multiple names + types in available rows eg.(Max 6 switches) 3.Enter new switch name manually | F87: 1.Switch should be added successfully 2.All entered switches should be saved when Save is tapped 3.Field should accept new name and activate Save button | H87: NT | I87: NT | J87: NT
B88: Add_Switchboard_TC_80 | C88: EDIT SWITCH BOARD | D88: Edit Switch Board Page Valid Check | E88: 4.Leave name field blank or unselected type, try to tap Save 5.Enter duplicate switch names 6.Choose “Fan” from type dropdown → keep name field blank → Tap Save | F88: 4.Save button should remain disabled unless all required fields are filled 5.App should prevent duplicate names or display a warning 6.Save button should remain inactive | H88: NT | I88: NT | J88: NT
B89: Add_Switchboard_TC_81 | C89: EDIT SWITCH BOARD | D89: Edit Switch Board Page InValid Check | E89: 1.Add duplicate switch names eg :(Enter “Fan 1” in two different rows → Tap Save) 2.Enter unsupported special characters in name eg :(Enter special characters like @#&%* in switch name field → Tap Save) 3.Complete all required fields → Turn off internet → Tap Save | F89: 1.Should show validation error or prevent submission 2.Should display error or not allow save if unsupported characters are restricted 3.App should show appropriate error or offline handling message | H89: NT | I89: NT | J89: NT
E90: Add Switch Flow | H90: NT | I90: NT | J90: NT
B91: Add_Switchboard_TC_82 | C91: Add Switch Flow | D91: Add Panel Page UI Check | E91: 1. Ensure the title "Add Switch" is visible. 2. Check below title after entering the screen Breadcrumb path is shown. 3. Verify that the input card for naming the smart panel is displayed correctly. 4. Verify Save button appears only when input exists. 5. Tap Save after entering valid panel name. 6. Relay ON/OFF icon right down on card. | F91: 1. Title "Add Switch" should be visible at the top center of the screen. 2. Breadcrumb appears in correct format. (e.g., Room > panel) 3. A white input card titled "Name your Smart Panel" should be visible with: • A short description text • A text input field • A Save button. 4. Enter panel name text then only Save button becomes active/visible. 5. "Panel name saved successfully" toast should appear. 6.Icon updates to ON/OFF in card. | H91: NT | I91: NT | J91: NT
B92: Add_Switchboard_TC_83 | C92: Add Switch Flow | D92: Add Panel Page Functionality Check | E92: 1. Verify that entering a valid panel name and clicking save transitions to the next step. 2. Ensure saving is not allowed if the input is empty. 3. Check that alphanumeric names are accepted. | F92: 1. Panel name is saved. A toast message: “Panel name saved successfully!” is shown. The next screen (Enter Switch Name) is displayed. 2. No transition occurs. An error message or validation alert is displayed (e.g., "Please enter a name"). 3. Panel name is accepted, and next screen is displayed. | H92: NT | I92: NT | J92: NT
B93: Add_Switchboard_TC_84 | C93: Add Switch Flow | D93: Select Switch Type Page UI Check | E93: 1. Switch name input should be visible. 2. Check Dropdown field is clearly shown. 3. Validate dropdown lists correct types. 4. Save button is visible below dropdown. 5. Tap Save after selecting switch field. After Save Switch:- 1.Type of load image shown on each card. | F93: 1. Text field labeled "Enter Switch Name" appears. 2. Dropdown options appear clearly. 3. Open dropdown options: -Fan, -Light, -Ceiling Fan, -Others shown. 4. Button labeled “Save” appears 5. “Device added successfully!” pop-up appears with OK button. After Save Switch:- 1..Each card shows correct load image. -Fan, -Light, -Ceiling Fan, -Others shown. | H93: NT | I93: NT | J93: NT
B94: Add_Switchboard_TC_85 | C94: Add Switch Flow | D94: Select Switch Type Page Functionality Check | E94: 1. Ensure switch gets saved when switch name and field are entered correctly. 2. System should block saving if the switch name is not entered. 3. System should block saving if no switch type is selected. 4. Ensure each field option is selectable from dropdown. 5. Ensure system handles duplicate switch names. 6.Tap switch card: opens respective detail page. 7.Click Back button. | F94: 1. A pop-up appears with the message “Device added successfully!” and an OK button. 2. Switch is not saved. show validation error "Please Enter switch name" 3. Show validation message: “Please select a switch type.” 4. Selected value should appear in the dropdown and be retained after selection. 5. Try adding another switch with the same name and same field. System shows message like: “Switch name already exists”. 6.Each tap brings up correct switch info without any issue. 7.List reloads, Page naigated previous state. | H94: NT | I94: NT | J94: NT
C95: Add Switch Flow | D95: Verify Created Panel List UI | E95: 1.Check the switch Cards listed right under “Devices” heading. 2.Room name top of page always. 3.Hamburger menu upper-right corner of the page. 4.Switch name shown top center of info page. 5.Add Schedule button present at bottom. | F95: 1.Switch Card should below "Devices" heading. 2.Room name persists at page top. 3.Menu correctly right top. 4. switch name should show Top center displays. 5.Button centered-bottom in details.
C96: Add Switch Flow | D96: Verify Created Switch UI | E96: 1.Energy Consumed (unit) displayed when ON. 2.Toggle ON/OFF changes device & UI status. 3.Live energy consumption updates in real time. 4.Voltage, power, current shown when ON. 5.On connect loss, volt/amp/power show “-”. 6.Switch OFF: shows voltage, current/power=0. 7.verify Add Schedule button present at bottom. 8.Verify Yours and Other schedule is Toggle button. | F96: 1.Consumed energy metric is shown. 2.Relay and UI update promptly. 3.Value refreshes while ON. 4.Metrics Value update and are visible. 5.Metrics display as "-" not stale. 6.Only voltage non-zero; current/amp 0. 7.Add Schedule button present in the center of bottom. 8.Your and Other Schedule Toggle buton is show in under the Energy consumed.
C97: Add Switch Flow | D97: Add switch Page Valid Check | E97: 1.Check Switch name accepts valid alpha-numeric input (Eg : MainLight) 2.Verify while entering On Switch name,then close app and Reopen app 3.Verify While click Multi-switch: toggling one doesn't affect others switch. 4.14+ switches in a large room lists & scrolls. | F97: 1.Field should be accepted. 2.Switch name gets default name (e.g., “Switch 1”), user must able to edit this later 3.Switch should reponse based on click the button without fail. 4.All switches present, scrolling smoothly without any issue. | H97: NT | I97: NT | J97: NT
C98: Add Switch Flow | D98: Add switch Page InValid Check | E98: 1.Check Switch name as entering special characters (Eg: ‘Fan!@#’) 2.Check entering Input name by exceeding limit 3.Check after entered switch name and then wihtout selecting any dropdown try to proceed. | F98: 1.Error message as “Special characters not allowed” should appear . 2.Error or input should be capped. 3.Error message as "Select any one Equipment" should appear
C99: Add Switch Flow | D99: No Internet Switch Connectivity Check | E99: 1.Connectivity disabled icon (right down) 2.All switch pages accessible without connectivity. 3.“Switchboard connection Lost” overlays on net loss. | F99: 1.Disabled icon shows Switch. 2.UI loads switch info in offline mode. 3.Overlay covers load image Issue show. | H99: NT | I99: NT | J99: NT
B100: Add_Switchboard_TC_86 | C100: Single node Board | D100: Single Node – 1 Switch Displayed | E100: 1. Pair with Single Node. 2. Navigate to Add Switch screen. | F100: System shows only 1 switch input after pairing with Single Node board. Only 1 switch input card is displayed. | H100: NT | I100: NT | J100: NT
B101: Add_Switchboard_TC_87 | C101: Dual Node Board | D101: Dual Node – 2 Switches Displayed | E101: 1. Pair with Dual Node. 2. Navigate to Add Switch screen. | F101: System shows 2 switch inputs for Dual Node boards. 2 switch input cards are displayed. | H101: NT | I101: NT | J101: NT
B102: Add_Switchboard_TC_88 | C102: Single Node with Extension | D102: Single Node with Extension – Extended | E102: 1. Pair with Single Node + Extension. 2. Go to Add Switch screen. | F102: 1. Ensure 2 cards are shown for extension type boards. 2 switch cards: one for main, one for extension. | H102: NT | I102: NT | J102: NT
B103: Add_Switchboard_TC_89 | C103: Single Node with Extension Functionality Check | D103: Single Node with Extension – users can add up to 5 switches, where each switch is treated as an extension | E103: 1. Verify “Add Switch” button is visible after pairing. 2. Verify that system does not allow adding more than 5 switch extensions. 3. Ensure user can turn ON each switch individually. 4. Ensure user can turn OFF each switch individually. 5. Check system stability during quick toggle actions Rapidly tap ON/OFF for a switch 3–5 times. | F103: 1. Pair Single Node with Extension board Go to Add Switch screen “+ Add Switch” button is visible. 2. Only 5 switch input cards are allowed to appear. Add button becomes hidden or disabled. An optional toast/message may appear: “Maximum number of switches are added.” 3. Each switch turns ON individually; corresponding device responds . 4. Each switch turns OFF individually; connected load is turned OFF. 5. Switch toggles consistently; no lag, app crash, or incorrect state shown. | H103: NT | I103: NT | J103: NT
C104: Single Node with Extension Functionality Check | D104: Verify new extension auto-adds as switch and works only with power. | E104: 1. Insert an additional extension after Pairing completed. 2. Extension is automatically added as a Switch in the app. 3. Try to turn ON/OFF the Switch. 4. Provide power supply to the extension. | F104: 1. Extension should appear as a Switch automatically. 2. ON/OFF control should work. 3. Switch will function only when power supply is given to the extension. | H104: NT | I104: NT | J104: NT
B105: Add_Switchboard_TC_90 | C105: Remove switch | D105: Ensure that a switch can be removed from an existing switchboard | E105: Go to the Switchboard page, select a switchboard, tap the three-dot menu next to a switch, choose Remove, and confirm the switch is removed from the list. | F105: The selected switch is removed from the switchboard UI, no longer appears in the list, and the app updates the state without errors. the removed switch becomes non-functional unless re-added. | H105: NT | I105: NT | J105: NT
B154: Move to Top | D154: Android
D155: PASS | E155: =COUNTIF(H4:H15,D155) -> 0
D156: FAIL | E156: =COUNTIF(H4:H15,D156) -> 0
D157: NA | E157: =COUNTIF(H4:H15,D157) -> 0
D158: NT | E158: =COUNTIF(H4:H15,D158) -> 12
D159: Executed | E159: =SUM(E155:E157) -> 0
D160: Total | E160: =SUM(E155:E158) -> 12
D163: IOS_Safari
D164: PASS | E164: =COUNTIF(I4:I15,D164) -> 0
D165: FAIL | E165: =COUNTIF(I4:I15,D165) -> 0
D166: NA | E166: =COUNTIF(H4:H49,D166) -> 0
D167: NT | E167: =COUNTIF(H4:H15,D167) -> 12
D168: Executed | E168: =SUM(E164:E166) -> 0
D169: Total | E169: =SUM(E164:E167) -> 12
D171: TAB_Safari
D172: PASS | E172: =COUNTIF(J4:J15,D172) -> 0
D173: FAIL | E173: =COUNTIF(J4:J15,D173) -> 0
D174: NA | E174: =COUNTIF(J4:J15,D174) -> 0
D175: NT | E175: =COUNTIF(J4:J15,D175) -> 12
...

Sheet Copy of Add_Switchboard_OLD
A2: Summary!A1 | C2: Page Consolidation
B3: TC NO | C3: MODE/MODULE | D3: DESCRIPTION | E3: STEPS TO FOLLOW | F3: EXPECTED BEHAVIOUR | G3: PRIORITY | H3: Android | I3: IOS | J3: Tab | K3: COMMENTS | L3: Used | M3: Android version | N3: Device Serial No | O3: VALIDATED_BY
B4: Add_Switchboard_TC_01 | C4: PAIRING UI | D4: Add device Page | E4: Precondition: navigate to Last page of Hierarchy which used names as XXX and in that Page, checking the app shows Add Switchboard button text as "Add Switchboard " text | F4: APP should display XXX page with Add Switchboard button text as "Add Switchboard " | G4: P0 | H4: NT | I4: NT | J4: NT
E5: Clicking "Add Switchboard " button app navigate the user to "Switch the device into pairing Mode page" | F5: APP should navigate the user to "Switch the device into pairing Mode" page after clicking Add Switchboard button.
B6: Add_Switchboard_TC_02 | C6: PAIRING UI | E6: Precondition:System theme toggled Open pairing and progress screens across states | F6: Colors/contrast adapt; no readability loss; icons/text visible | G6: P0 | H6: NT | I6: NT | J6: NT
E7: Precondition:System font size large Open pairing flows | F7: Layout adapts; no truncation/overlap; buttons tappable
B8: Add_Switchboard_TC_03 | C8: PAIRING UI | D8: Next Page | E8: Verify "Next" button is working only if we enable "Device is in Pairing mode" tick box | F8: If Pairing mode is disabled, Next button should not enabled If Pairing mode is enabled, Next button should enabled | G8: P0 | H8: NT | I8: NT | J8: NT
B9: Add_Switchboard_TC_04 | C9: PAIRING UI | E9: 1.Verify ""Switch the device into Pairing Mode"" content 2.Check the text in Next PAGE button | F9: - Heading should be center & proper format - Body of content should be properly alliged - Note content should be properly alliged - ""Next"" text should be placed in the button | G9: P0 | H9: NT | I9: NT | J9: NT
B10: Add_Switchboard_TC_05 | C10: PAIRING UI | E10: Verify "Device Press" image | F10: - Check "Device Press" hd image included - Check image is not hidden or disappears | G10: P0 | H10: NT | I10: NT | J10: NT
B11: Add_Switchboard_TC_06 | C11: PAIRING UI | E11: Verify "Next" button UI | F11: "Next" icon text should not be hidden "Next" icon should not be in abnormal state | G11: P0 | H11: NT | I11: NT | J11: NT
B12: Add_Switchboard_TC_07 | C12: PAIRING UI | E12: Clicking Next button app navigate the user to "Start Pairing" Page. | F12: APP should navigate the user to "Start Pairing" Page after clicking Next Button . | G12: P0 | H12: NT | I12: NT | J12: NT
B13: Add_Switchboard_TC_08 | C13: PAIRING UI | D13: Start Pairing Page | E13: In Start Pairing Page, Check the page content | F13: ;- Heading should be center & proper format - Body of content should be properly alliged - Note content should be properly alliged - ""Start Pairing"" text should be placed in the button | G13: P0 | H13: NT | I13: NT | J13: NT
B14: Add_Switchboard_TC_09 | C14: PAIRING UI | E14: Verify "Start Pairing" button UI | F14: "Start Pairing" icon text should not be hidden "Start Pairing" icon should not be in Abnormal state | G14: P0 | H14: NT | I14: NT | J14: NT
B15: Add_Switchboard_TC_10 | C15: PAIRING UI | E15: Clicking Start Pairing button app navigate the user to "Pairing page" and shows location permission pop up | F15: APP should navigate the user to "Pairing page" and shows location permission pop up after clicking Start pairing button | G15: P0 | H15: NT | I15: NT | J15: NT
B16: Add_Switchboard_TC_11 | C16: PAIRING UI | D16: Location Permission | E16: While APP asking for location permission in pairing process, give "Don't Allow" to check whether APP shows "Location Services" pop up or not | F16: After giving "Don't Allow", APP should not initiate pairing and show "Location Services" pop-up | H16: NT | I16: NT | J16: NT
B17: Add_Switchboard_TC_12 | C17: PAIRING UI | E17: Now Click "SETTINGS" on "Location Services" pop up and check APP navigate to APP info page and Didn't select any other option go back, app navigate to add device page. | F17: APP navigate to APP info page and Didn't select any other option go back, app navigate to add device page. | H17: NT | I17: NT | J17: NT
B18: Add_Switchboard_TC_13 | C18: PAIRING UI | E18: 1. Go to APP info and provide "Clear all data" 2. Initiate the pairing procedure and provide "DONT ALLOW" during Location permission 3. In "Location Services" pop up, give "cancel" button to check the app behaviour | F18: 1. Clear all data should work 2. Cancel button should work 3. After cancel APP should navigate to "ADD DEVICE" page | H18: NT | I18: NT | J18: NT
B19: Add_Switchboard_TC_14 | C19: PAIRING UI | E19: - Applicable from Android12 version 1. Go to APP info and provide "Clear all data" 2. Initiate the pairing procedure and provide "ONLY THIS TIME" during Location permission | F19: 1. Clear all data should work 2. After giving only this time, app should moves to ask for Nearby device permission | H19: NT | I19: NT | J19: NT
B20: Add_Switchboard_TC_15 | C20: PAIRING UI | E20: - Applicable from Android12 version 1. Within 2mins of above test, close the application and re-open 2. Initiate the pairing procedure and provide "ONLY THIS TIME" during Location permission to check whether paring is initiated or not | F20: 1. After giving only this time, app should moves to ask for Nearby device permission or if Nearby device permission is already given it should proceed to paring, 2. APP should not throw any issue related to location during pairing | H20: NT | I20: NT | J20: NT
B21: Add_Switchboard_TC_16 | C21: PAIRING UI | E21: - Applicable from Android12 version 1. After completion of above test wait for 5mins then close the application and re-open 2. Initiate the pairing procedure and provide "ONLY THIS TIME" during Location permission to check whether paring is initiated or not | F21: 1. After giving only this time, app should ask for Location permission again | H21: NT | I21: NT | J21: NT
B22: Add_Switchboard_TC_17 | C22: PAIRING UI | E22: 1. Initiate the pairing procedure and provide "WHILE USING THE APP" during Location permission to check whether paring is initiated or not | F22: 1. After giving "WHILE USING THE APP", app should moves to ask for Nearby device permission or if Nearby device permission is already given it should proceed to paring, 2. APP should not throw any issue related to location during pairing | H22: NT | I22: NT | J22: NT
B23: Add_Switchboard_TC_18 | C23: PAIRING UI | E23: 1. Give "While Using the APP" permission 2. Close the APP 3. Disable location service using APP INFO 4. Try to initiate pairing procedure 5. Check whether Location disabled error pop-up thrown and APP takes us to setting page to enable location service | F23: 1.After initiating pairing procedure, APP should show location related failure pop-up 2. And takes user to setting page to enable location service | H23: NT | I23: NT | J23: NT
B24: Add_Switchboard_TC_19 | C24: PAIRING UI | E24: 1. Go to APP info and provide "Clear all data" 2. Initiate the pairing procedure and provide "WHILE USING THE APP" during Location permission & select Precise location as OFF 3. After step2, check APP proceed with pairing procedure | F24: 1. Clear all data should work 2. APP should proceed to decrease the pairing count even after giving precise location as OFF 3. APP should not crash or struck at any time | H24: NT | I24: NT | J24: NT
B25: Add_Switchboard_TC_20 | C25: PAIRING UI | D25: Nearby Device Permission | E25: - Applicable from Android11 version 1. Go to APP info and provide "Clear all data" 2. Initiate the pairing procedure and provide "ONLY THIS TIME" during Location permission 3. While APP asking for Nearby Device Permission, give "Don't Allow" and check APP behaviour | F25: After giving "Don't Allow" APP should pop-up the "Allow Bluetooth Connections" | H25: NT | I25: NT | J25: NT
B26: Add_Switchboard_TC_21 | C26: PAIRING UI | E26: Now Click "SETTINGS" on "Allow Bluetooth Connection" pop up and check APP navigate to APP info page and Didn't select any other option go back, app navigate to add device page. | F26: APP navigate to APP info page and Didn't select any other option go back, app navigate to add device page. | H26: NT | I26: NT | J26: NT
B27: Add_Switchboard_TC_22 | C27: PAIRING UI | E27: 1. Go to APP info and provide "Clear all data" 2. Initiate the pairing procedure and provide "While Using this APP" during Location permission 3. While APP asking for Nearby Device Permission, give "Don't Allow" 4. In "Allow Bluetooth Connection" pop-up give "Cancel" button | F27: APP should not throw any error and close the "Allow Bluetooth Connection" pop-up and moves to "ADD DEVICE" page | H27: NT | I27: NT | J27: NT
B28: Add_Switchboard_TC_23 | C28: PAIRING UI | E28: 1. Go to APP info and provide "Clear all data" 2. Initiate the pairing procedure and provide "While Using this APP" during Location permission 3. While APP asking for Nearby Device Permission, give "Allow" to check the APP behaviour | F28: APP should not show Nearby Device permission related failure during Pairing | H28: NT | I28: NT | J28: NT
B29: Add_Switchboard_TC_24 | C29: PAIRING UI | E29: 1. Give Allow access to Nearby Share 2. Close the APP 3. Turn off Bluetooth 4. Re-open the APP 5. Try to initiate pairing procedure | F29: APP should not show any Nearby Device permission related failure during Pairing and ask user to Turn ON the Bluetooth | G29: P0 | H29: NT | I29: NT | J29: NT
B30: Add_Switchboard_TC_25 | C30: PAIRING UI | D30: Ble and Wifi Turn on process | E30: 1. Keep Wi-Fi and BLE turn OFF state in Mobile 2. Open the app and initate the paring procdure to check whether APP shows "allow Caaza to access this device`s location" pop up or not | F30: app should show ""allow CaaZa to access this device`s location" pop up with "allow only while using the app" and "deny" button | G30: P0 | H30: NT | I30: NT | J30: NT
B31: Add_Switchboard_TC_26 | C31: PAIRING UI | E31: 1. Keep Wi-Fi and BLE turn OFF state in Mobile 2. Open the app and initate the paring procdure to check whether APP shows "Turn ON BLE" pop up or not | F31: App should show "Turn ON BLE" pop up" with "OK" and "CANCEL" button's | G31: P0 | H31: NT | I31: NT | J31: NT
B32: Add_Switchboard_TC_27 | C32: PAIRING UI | E32: In "Turn ON BLE" pop up, click on CANCEL to check whether app show "Turn ON WiFi" pop up or not | F32: App should show "Turn ON WiFi" pop-up with "OK" and "CANCEL" button's | G32: P0 | H32: NT | I32: NT | J32: NT
B33: Add_Switchboard_TC_28 | C33: PAIRING UI | E33: In "Turn ON WiFi" pop up, click on CANCEL to check whether pairing cancel and navigate the user to add device page. | F33: APP should navigate the user to add device page and show "To Proceed Pairing Bluetooth or WiFI must be Turned ON" | G33: P0 | H33: NT | I33: NT | J33: NT
B34: Add_Switchboard_TC_29 | C34: PAIRING UI | E34: 1. Keep Wi-Fi and BLE turn OFF state in Mobile 2. Open the app and initate the paring procedure to check whether APP shows "Turn ON BLE" pop up or not 3. In "Turn On BLE" pop up, click on OK to check whether APP shows "Turn ON WiFi" pop up or not | F34: APP should shows "Turn ON WiFi" pop up while after give ok in "Turn On BLE" pop up. | G34: P0 | H34: NT | I34: NT | J34: NT
B35: Add_Switchboard_TC_30 | C35: PAIRING UI | E35: 1. After above test completion, In "Turn On WiFI" pop up, click on OK to check whether APP takes user to WiFi page or not | F35: 1. App should take user to Wi-Fi page, after connected to WiFi 2. Comeback to APP confirm Pairing proceeded or not | G35: P0 | H35: NT | I35: NT | J35: NT
B36: Add_Switchboard_TC_31 | C36: PAIRING UI | D36: Pairing Window - "Pairing process" | E36: 1. Keep Wi-Fi and BLE turn OFF state in Mobile 2. Open the app and initate the paring procdure to check whether APP shows "Turn ON BLE" pop up or not 3. In "Turn On BLE" pop up, click on CANCEL to check whether APP shows "Turn ON WiFi" pop up or not 4. In "Turn ON WiFi" pop up, click on OK to check whether APP takes to WiFi page or not 5. After connecting to WiFI check its proceed to pairing procedure or not | F36: 1. After step4, APP should takes user to WiFi page 2. After connecting to WiFi APP should proceed with pairing procedure (Pairing timer should be running) 3. APP should not struck at any step or show black screen at any time | H36: NT | I36: NT | J36: NT
B37: Add_Switchboard_TC_32 | C37: PAIRING UI | E37: After precondition process, APP show ask for Router password if Wi-Fi is enabled | F37: APP should ask for Router password alert if user connect with router | H37: NT | I37: NT | J37: NT
C38: PAIRING UI | E38: Preconditions:Wrong password or router out of range Enter invalid password OR power off router mid-process | F38: App surfaces clear error reason (auth fail or router unreachable); suggests re-pair; device returns to pairing mode
B39: Add_Switchboard_TC_33 | C39: PAIRING UI | E39: 1. While app shows router credential pop up click back (Mobile back button or swipe) 2. APP should take that back button as cancel and it should not show any other pop-up overlaying current pop-up | F39: APP should cancel the pop up and take the user for pairing process or not to close the current pop up if user click back | H39: NT | I39: NT | J39: NT
B40: Add_Switchboard_TC_34 | C40: PAIRING UI | E40: 1. Check after entering password, "Show Password" option is working or not 2. Check during password enter any background texts are getting overlapped or hidden | F40: 1. If you enable "Show Pasword", password should be visible, if we disable it should not be visible 2. During password enter, background text should be visible all the time and it should not get overlapped with any other text | H40: NT | I40: NT | J40: NT
B41: Add_Switchboard_TC_35 | C41: PAIRING UI | E41: If user cancel the password alert ,check APP start pairing with device in without router mode. | F41: APP should start pairing procedure with Bluetooth | H41: NT | I41: NT | J41: NT
B42: Add_Switchboard_TC_36 | C42: PAIRING UI | E42: While pairing time app shows "Please Don't lock or put your mobile in the background while pairing" | F42: app should show "Please Don't lock or put your mobile in the background while pairing" | H42: NT | I42: NT | J42: NT
B43: Add_Switchboard_TC_37 | C43: PAIRING UI | E43: After precondition process, clicking "Start Pairing" button and giving WiFi password, APP shows proper descriptions | F43: App should Start the ble with router pairing process after give password in wifi password alert. | H43: NT | I43: NT | J43: NT
B44: Add_Switchboard_TC_38 | C44: PAIRING UI | E44: While app shows router credential pop up user wanted to connect to a router without password, user has to click on "Enter" without enter anything on password text box, check whether app show "Are you sure that (router name) has no password" pop up | F44: APP should shows "Are you sure that (router name) has no password" pop up | H44: NT | I44: NT | J44: NT
B45: Add_Switchboard_TC_39 | C45: PAIRING UI | E45: If user clicks "NO" button during "Are you sure that (router name) has no password" pop up, check whether APP again ask for router password | F45: APP should again ask for router password | H45: NT | I45: NT | J45: NT
B46: Add_Switchboard_TC_40 | C46: PAIRING UI | E46: If user clicks "YES" button during "Are you sure that (router name) has no password" pop up, check whether APP again ask for router password | F46: APP should proceed to pairing procedure | H46: NT | I46: NT | J46: NT
B47: Add_Switchboard_TC_41 | C47: PAIRING UI | E47: If user connected 5GHz router, after user clicks on start pairing check whether APP shows 5GHz not supported pop up | F47: App should show a popup saying device does not support 5GHz rounter "Can't connect with 5G router" | H47: NT | I47: NT | J47: NT
B48: Add_Switchboard_TC_42 | C48: PAIRING UI | E48: During "Can't connect with 5G router" pop up if user clicks on cancel button, check whether APP proceed to pairing or not | F48: After clicking on "Cancel" APP should proceed to pairing without router mode | H48: NT | I48: NT | J48: NT
B49: Add_Switchboard_TC_43 | C49: PAIRING UI | E49: After clicking "Start Pairing" button, APP shows proper descriptions | F49: APP should show "Please Don't lock or put your mobile in the background while pairing" description text. This text shold not be overlapped with other text or pop-up | H49: NT | I49: NT | J49: NT
E50: Precondition:SSID with special characters/Unicode 2.4GHz router with SSID 'Tëßt-2G_汉字' and password 'P@ßwørd!2025' 1.Pair using BLE with Router | F50: Credentials handled correctly; device joins
E51: Precondition:Pairing in progress Background app for 10s; return | F51: Process resumes or shows safe recovery without corruption
E52: Precondition:Pairing in progress Force-stop app mid-process | F52: Relaunch app ,Add device page should display to user
E53: Precondition:Start pairing Lock device screen for 30s; unlock | F53: No crash; progress preserved or safe retry shown
B54: Add_Switchboard_TC_44 | C54: PAIRING UI | E54: After clicking "Start Pairing" Check timer started or not | F54: Timer should start to run from 180 seconds | H54: NT | I54: NT | J54: NT
B55: Add_Switchboard_TC_45 | C55: PAIRING UI | E55: Wait for timeout after below 180 seconds and see APP asks for Retry or Cancel | F55: APP should ask for Retry or Cancel only after completion of timeout | H55: NT | I55: NT | J55: NT
B56: Add_Switchboard_TC_46 | C56: PAIRING UI | E56: If user gives "Cancel"after timeout, check APP ask for Exit pairing confirmation | F56: APP should ask for Exit Pairing window if user clicks on "Cancel" | H56: NT | I56: NT | J56: NT
B57: Add_Switchboard_TC_47 | C57: PAIRING UI | E57: If user gives "Cancel"in Exit Pairing window APP sould not go back to "Add Device" Window | F57: APP should show Pairing timeout window | H57: NT | I57: NT | J57: NT
B58: Add_Switchboard_TC_48 | C58: PAIRING UI | E58: After the precondition process if user gives "OK"in Exit Pairing window APP should go back to "Add Device" Window | F58: APP should go back to "Add Device" window | H58: NT | I58: NT | J58: NT
B59: Add_Switchboard_TC_49 | C59: PAIRING UI | E59: 1. Check once user gives "Retry" in Pairing Timeout window APP go back to "Switch the device into pairing Mode" Page. 2. After giving retry please check whether BLE and WiFi status is getting checked again or not by keeping BLE & WIFI in OFF state | F59: 1. APP should go back to "Switch the device into pairing Mode" Page. 2. During Retry pairing time, it should check whether BLE & WiFI is turned ON or not | H59: NT | I59: NT | J59: NT
B60: Add_Switchboard_TC_50 | C60: PAIRING UI | E60: Select and start Bluetooth Pairing mode, before pairing cancel the pairing and wait in "ADD DEVICE" window for 3mins to observe any unwanted toast shown or not | F60: After canceling Bluetooth pairing mode, device should not show any unwanted toast message | H60: NT | I60: NT | J60: NT
B61: Add_Switchboard_TC_51 | C61: PAIRING UI | E61: After the precondition of Turn off ble and wifi , If user cancel the password and cancel the bluetooth alert check APP starts smartconfig timeout. | F61: after 100 secs completed,check app shows "Please connect manually" pop up or not. | H61: NT | I61: NT | J61: NT
B62: Add_Switchboard_TC_52 | C62: PAIRING UI | E62: If user cancel the password alert after clicking on "WiFi" pairing mode, check what happens after Smartconfig timeout when device is in pairing mode | F62: After Smartconfig timeout (100 secs), APP should show device SSID connect pop up | H62: NT | I62: NT | J62: NT
B63: Add_Switchboard_TC_53 | C63: PAIRING UI | E63: If user cancel the password alert after clicking on "WiFi" pairing mode, check what happens after Smartconfig timeout when device is not in pairing mode | F63: After Smartconfig timeout (100 secs), APP should complete timer before showing retry | H63: NT | I63: NT | J63: NT
B64: Add_Switchboard_TC_54 | C64: PAIRING UI | E64: After selecting "WiFi" pairing mode and giving WiFi password, check APP starts device SSID scan after 60secs | F64: APP should start device SSID scan after 60secs i.e. around 120 secs | H64: NT | I64: NT | J64: NT
B65: Add_Switchboard_TC_55 | C65: PAIRING UI | E65: Ble without pairing process secs is 180, after 180 only the app shows retry page. | F65: APP should show retry page after 180 secs of pairing time.it may or may not throw proper toast message If APP goes to retry page before 180secs, it may or may not throw proper toast message (reason for early retry) | H65: NT | I65: NT | J65: NT
B66: Add_Switchboard_TC_56 | C66: PAIRING UI | D66: Verification failed pop up | E66: On verifying CAAZA… Page, app shows a "Note : Please Don't lock or put your mobile in the background while pairing" | F66: app should show the verifying CaaZa… page text as "Note : Please Don't lock or put your mobile in the background while pairing" | H66: NT | I66: NT | J66: NT
B67: Add_Switchboard_TC_57 | C67: PAIRING UI | E67: While pairing verifying CAAZA page, power off the device and check the proper pop up shows in Application | F67: APP should show the "Proper Pop up should be thrown to user." while power off the device in verifying CaaZa page. APP should not stuck at verifying CaaZa page | H67: NT | I67: NT | J67: NT
B68: Add_Switchboard_TC_58 | C68: PAIRING UI | E68: 1. While pairing verifying CaaZa page, power off the device and wait for Verification failed pop up then power on the device and check navigate to CaaZa info page after clicking ON on Verification Failure pop-up 2. After moving to CaaZa UI, please verify the device name in CaaZa page, Schedule page, Notification page, Analytics page | F68: 1. After power ON and clicking ON on verfication failure pop-up, APP should navigates to CaaZa Info page 2. Device name should be visible in CaaZa page, Schedule page, Notification page, Analytics page but it should not show serial number at any page | H68: NT | I68: NT | J68: NT
B70: Add_Switchboard_TC_59 | C70: Invalid Pairing | D70: Validate behavior when both Wi-Fi and Bluetooth are OFF before pairing | E70: 1. Turn OFF Wi-Fi and Bluetooth on mobile 2. Open App → Tap on any Room 3. Click Next to go to Start Pairing page 4. Tap Start Pairing 5. Tap Cancel on “Turn on Wi-Fi” popup 6. Tap Cancel on “Turn on Bluetooth” popup. | F70: Error message displayed: “Enable either Bluetooth or Wi-Fi to continue pairing and try again.” | H70: NT | I70: NT | J70: NT
D71: Stress Test – 20 Consecutive Pairings | E71: 1. Successfully pair/unpair device 20 times in a row | F71: App/device does not crash or lag; No memory or connection errors
B72: PAIRING_MOD_1_TC_01 | C72: WiFi With Router | D72: Initial Pairing with Android Version 8.1.0 | E72: 1.Initiate pairing with Android 8.1.0 mobile phones, such as the Oppo A5s. 2.Check whether APP pair with device in within Excepted Time . | F72: 1. Pairing should be initiated 2. APP should pair with device within Excepted Time 3. Verification failure should not be observed | H72: NT | I72: NT | J72: NT
B73: PAIRING_MOD_1_TC_02 | C73: WiFi With Router | D73: Initial Pairing with Android Version 9 | E73: 1.Initiate pairing with Android 9 mobile phones, such as the Itel A25. 2.Check whether APP pair with device in within Excepted Time . | F73: 1. Pairing should be initiated 2. APP should pair with device within Excepted Time 3. Verification failure should not be observed | G73: P1 | H73: NT | I73: NT | J73: NT
B74: PAIRING_MOD_1_TC_03 | C74: WiFi With Router | D74: Initial Pairing with Android Version 10 | E74: 1.Initiate pairing with Android 10 mobile phones, such as the Samsung Galaxy A6+ 2.Check whether APP pair with device in within Excepted Time . | F74: 1. Pairing should be initiated 2. APP should pair with device within Excepted Time 3. Verification failure should not be observed | G74: P1 | H74: NT | I74: NT | J74: NT
B75: PAIRING_MOD_1_TC_04 | C75: WiFi With Router | D75: Initial Pairing with Android Version 11 | E75: 1.Initiate pairing with Android 11 mobile phones, such as the Realme C3 2.Check whether APP pair with device in within Excepted Time . | F75: 1. Pairing should be initiated 2. APP should pair with device within Excepted Time 3. Verification failure should not be observed | G75: P1 | H75: NT | I75: NT | J75: NT
B76: PAIRING_MOD_1_TC_05 | C76: WiFi With Router | D76: Initial Pairing with Android Version 12 | E76: 1.Initiate pairing with Android 12 mobile phones, such as the One Plus Nord N200 5G, 2.Check whether APP pair with device in within Excepted Time . | F76: 1. Pairing should be initiated 2. APP should pair with device within Excepted Time 3. Verification failure should not be observed | G76: P1 | H76: NT | I76: NT | J76: NT
B77: PAIRING_MOD_1_TC_06 | C77: WiFi With Router | D77: Initial Pairing with Android Version 13 | E77: 1.Initiate pairing with Android 13 mobile phones, such as the Motorola E13 or Google Pixel 4 or iqoo Z6 Lite 5G 2.Check whether APP pair with device in within Excepted Time . | F77: 1. Pairing should be initiated 2. APP should pair with device within Excepted Time 3. Verification failure should not be observed | G77: P1 | H77: NT | I77: NT | J77: NT
B78: PAIRING_MOD_1_TC_07 | C78: WiFi With Router | D78: Initial Pairing | E78: 1. Wifi with router pairing process is start after 100 secs and shows the device id (iinv_Smartpanel XX) for connect then app show any pop up or not 2.Check when Click Connect Manually pop wants to enter Password for (iinv_Smartpanel XX) eg :(mypassword) 2. after moved to verification page check connectivity Establish or not | F78: 1. APP should show device id iinv_Smartpanel XX to connect with device for pairing app should through "connect manually" pop up 2.After Given Password connectivity shoud established. 3.Verification failed should not occur | G78: P1 | H78: NT | I78: NT | J78: NT
B79: PAIRING_MOD_1_TC_08 | C79: WiFi With Router | D79: Initial Pairing | E79: Check whether APP pair with device in after SmartConfig timeout | F79: APP should pair with device after 100secs | G79: P0 | H79: NT | I79: NT | J79: NT
B80: PAIRING_MOD_1_TC_09 | C80: WiFi With Router | D80: 2nd Attempt Pairing | E80: 1. Initiate pairing sequence 2. Cancel the pairing sequence within 2secs 3. Again re-initiate the pairing sequence after 15secs 4. Check whether APP paired with device or not | F80: 1. Pairing should be initiated 2. Cancelling pairing should work 3. APP should allow user to re-initiate the pairing again 4. APP should pair with device during 2nd attempt 5..Verification failed should not occur | G80: P1 | H80: NT | I80: NT | J80: NT
B81: PAIRING_MOD_1_TC_10 | C81: WiFi With Router | D81: Pairing in Airplane Mode | E81: 1. Place the mobile in Airplane mode 2. Initiate pairing sequence 3. Check whether APP paired with device or not | F81: APP should not pair with device and shows "Please Turn OFF Airplane Mode " | G81: P3 | H81: NT | I81: NT | J81: NT
B82: PAIRING_MOD_1_TC_11 | C82: WiFi With Router | D82: Factory Reset and Pairing | E82: 1. Pair to the device 2. Do Factory reset 3. Check device goes to pairing mode again 4. Check APP is getting successful again | F82: 1. Factory reset should work 2. Device should go to pairing mode after factory reset 2. Pairing after device removal should work | G82: P1 | H82: NT | I82: NT | J82: NT
B83: PAIRING_MOD_1_TC_12 | C83: WiFi With Router | D83: Remove Device and Pairing | E83: 1. Pair to the device 2. Remove the device 3. Check device goes to pairing mode again 4. Check APP is getting successful again | F83: 1. Device removal should work 2. Device should go to pairing mode after device removal 3. Pairing after device removal should work | G83: P1 | H83: NT | I83: NT | J83: NT
B84: PAIRING_MOD_1_TC_13 | C84: WiFi With Router | D84: Remove Device, Logout, Login and Pairing | E84: 1. Pair to the device 2. Remove the device 3. Check device goes to pairing mode again 4. Logout from current user 5. Again login to same user 6. Check APP is getting successful again | F84: 1. Device removal should work 2. Device should go to pairing mode after device removal 3. Logout and Login should work 4. Pairing should work after logout and login | G84: P2 | H84: NT | I84: NT | J84: NT
... B88: PAIRING_MOD_1_TC_17 | C88: WiFi With Router | D88: Exit Pairing Timeout | E88: After initiating Pairing sequence, click on Back buttong but don't clicking "Cancel" or "OK" in "Exit pairing" pop up for 30secs and check whether app paired with device or not | F88: APP should pair with device | G88: P3 | H88: NT | I88: NT | J88: NT
B90: PAIRING_MOD_2_TC_01 | C90: BLE With Router | D90: Validate behavior when both Wi-Fi and Bluetooth are ON before pairing | E90: Precondition:ESP32 powered on 2.4GHz router 1. Turn ON Wi-Fi and Bluetooth on mobile 2. Open App → Tap on any Room 3. Click Next to go to Start Pairing page 4. Tap Start Pairing 5.Put ESP32 in pairing mode 6. Enter the correct SSID password and click the ok button. | F90: 1.BLE with router pairing should be initiated without any issue 2.Device pairs in under 60s, confirmed in app, device status shown “Online”, user moves to device addition page | H90: NT | I90: NT | J90: NT
B91: PAIRING_MOD_2_TC_02 | C91: BLE With Router | D91: Initial Pairing with Android Version 8.1.0 | E91: 1.Initiate pairing with Android 8.1.0 mobile phones, such as the Oppo A5s. 2.Check whether APP pair with device in within Excepted Time . | F91: 1. Pairing should be initiated 2. APP should pair with device within Excepted Time 3. Verification failure should not be observed | G91: P1 | H91: NT | I91: NT | J91: NT
B92: PAIRING_MOD_2_TC_03 | C92: BLE With Router | D92: Initial Pairing with Android Version 9 | E92: 1.Initiate pairing with Android 9 mobile phones, such as the Itel A25. 2.Check whether APP pair with device in within Excepted Time . | F92: 1. Pairing should be initiated 2. APP should pair with device within Excepted Time 3. Verification failure should not be observed | G92: P1 | H92: NT | I92: NT | J92: NT
B93: PAIRING_MOD_2_TC_04 | C93: BLE With Router | D93: Initial Pairing with Android Version 10 | E93: 1.Initiate pairing with Android 10 mobile phones, such as the Samsung Galaxy A6+ 2.Check whether APP pair with device in within Excepted Time . | F93: 1. Pairing should be initiated 2. APP should pair with device within Excepted Time 3. Verification failure should not be observed | G93: P1 | H93: NT | I93: NT | J93: NT
B94: PAIRING_MOD_2_TC_05 | C94: BLE With Router | D94: Initial Pairing with Android Version 11 | E94: 1.Initiate pairing with Android 11 mobile phones, such as the Realme C3 2.Check whether APP pair with device in within Excepted Time . | F94: 1. Pairing should be initiated 2. APP should pair with device within Excepted Time 3. Verification failure should not be observed | G94: P1 | H94: NT | I94: NT | J94: NT
B95: PAIRING_MOD_2_TC_06 | C95: BLE With Router | D95: Initial Pairing with Android Version 12 | E95: 1.Initiate pairing with Android 12 mobile phones, such as the One Plus Nord N200 5G, 2.Check whether APP pair with device in within Excepted Time . | F95: 1. Pairing should be initiated 2. APP should pair with device within Excepted Time 3. Verification failure should not be observed | G95: P1 | H95: NT | I95: NT | J95: NT
B96: PAIRING_MOD_2_TC_07 | C96: BLE With Router | D96: Initial Pairing with Android Version 13 | E96: 1.Initiate pairing with Android 13 mobile phones, such as the Motorola E13 or Google Pixel 4 or iqoo Z6 Lite 5G 2.Check whether APP pair with device in within Excepted Time . | F96: 1. Pairing should be initiated 2. APP should pair with device within Excepted Time 3. Verification failure should not be observed | G96: P1 | H96: NT | I96: NT | J96: NT
B97: PAIRING_MOD_2_TC_08 | C97: BLE With Router | D97: Pairing without Providing Password | E97: If user cancel the password alert, check whether APP start to pair with device in ble without router mode. | F97: APP should pair with device in within 10 to 20 secs | G97: P0 | H97: NT | I97: NT | J97: NT
B98: PAIRING_MOD_2_TC_09 | C98: BLE With Router | D98: Pairing after Providing Incorrect Password | E98: If user enter incorrect, APP should start to pair with device in ble without router mode. | F98: APP should pair with device in within 10 to 20 secs | G98: P1 | H98: NT | I98: NT | J98: NT
B99: PAIRING_MOD_2_TC_10 | C99: BLE With Router | D99: Pairing after Providing Password | E99: If user enter correct password check app paired with device within 10 to 20 secs | F99: APP should pair with device in within 10 to 20 secs | G99: P0 | H99: NT | I99: NT | J99: NT
B100: PAIRING_MOD_2_TC_11 | C100: BLE With Router | D100: 2nd Attempt Pairing | E100: 1. Initiate pairing sequence 2. Cancel the pairing sequence within 2secs 3. Again re-initiate the pairing sequence after 15secs 4. Check whether APP paired with device or not | F100: 1. Pairing should be initiated 2. Cancelling pairing should work 3. APP should allow user to re-initiate the pairing again 4. APP should pair with device during 2nd attempt | G100: P1 | H100: NT | I100: NT | J100: NT
B101: PAIRING_MOD_2_TC_12 | C101: BLE With Router | D101: Pairing in Airplane Mode | E101: 1. Place the mobile in Airplane mode 2. Initiate pairing sequence 3. Check whether APP paired with device or not | F101: APP should not pair with device and shows "Please Turn OFF Airplane Mode " | G101: P3 | H101: NT | I101: NT | J101: NT
B102: PAIRING_MOD_2_TC_13 | C102: BLE With Router | D102: Factory Reset and Pairing | E102: 1. Pair to the device 2. Do Factory reset 3. Check device goes to pairing mode again 4. Check APP is getting successful again | F102: 1. Factory reset should work only if it’s a admin user 2. Device should go to pairing mode after factory reset 3. Pairing after factory reset should work | G102: P1 | H102: NT | I102: NT | J102: NT
... B108: PAIRING_MOD_2_TC_19 | C108: BLE With Router | D108: Exit Pairing Timeout | E108: After entering Wi-Fi password and initiating Pairing sequence, click on Back buttong but don't clicking "Cancel" or "OK" in "Exit pairing" pop up for 30secs and check whether app paired with device or not | F108: APP should pair with device | G108: P3 | H108: NT | I108: NT | J108: NT
B110: PAIRING_MOD_3_TC_01 | C110: SmartConfig | D110: Validate behavior when turn ON the Wi-Fi and turn OFF the Bluetooth are before pairing | E110: 1. Turn ON Wi-Fi and turn OFF the Bluetooth on mobile 2. Open App → Tap on any Room 3. Click Next to go to Start Pairing page 4. Tap Start Pairing 5. Tap Cancel on “Turn on Bluetooth” popup. 6.Put ESP32 in pairing mode 7. Enter the correct SSID password and click the ok button. | F110: 1.Smartconfig pairing should be initiated without any issue 2.Device pairs in under 60s, confirmed in app, device status shown “Online”, user moves to device addition page | H110: NT | I110: NT | J110: NT
B111: PAIRING_MOD_3_TC_02 | C111: SmartConfig | D111: Initial Pairing with Android Version 8.1.0 | E111: 1.Initiate pairing with Android 8.1.0 mobile phones, such as the Oppo A5s. 2.Check whether APP pair with device in within Excepted Time . | F111: 1. Pairing should be initiated 2. APP should pair with device within Excepted Time 3. Verification failure should not be observed | G111: P1 | H111: NT | I111: NT | J111: NT
B112: PAIRING_MOD_3_TC_03 | C112: SmartConfig | D112: Initial Pairing with Android Version 9 | E112: 1.Initiate pairing with Android 9 mobile phones, such as the Itel A25. 2.Check whether APP pair with device in within Excepted Time . | F112: 1. Pairing should be initiated 2. APP should pair with device within Excepted Time 3. Verification failure should not be observed | G112: P1 | H112: NT | I112: NT | J112: NT
...

Sheet Issue_Track
B3: Week | C3: Ticket No | D3: Ticket Description | E3: Status
B4: Y$$W## | C4: XXXX | D4: Sample | E4: Active/Resolved
B5: Y$$W## | C5: XXXX | D5: Sample | E5: Active/Resolved
B6: Y$$W## | C6: XXXX | D6: Sample | E6: Active/Resolved

Sheet FeatureList
A2: Summary!A1 | B2: Page Consolidation
C3: Done | D3: Skipped
B5: SignUp | C5: SignUp with Valid inputs for below mandatory field -User name -Name -Password -Confirm Passsword -Accept Terms and conditions After SignUp ,moves to Security Questions page -Security Questions page -For User verification, Enter valid inputs for two mandatory fields
B6: Welcome page & SignIn | C6: 1.click on Next and Get Started 2.Enter already registered Username and Password for that mandatorty fields to signIn
B7: Forget Password Page | C7: -Enter registered UserName field which is mandatory to move to security questions page -Enter the correct data for two inputs fields and verify user -Enter New Password and Confirm Password to continue Signin
B8: Multiuser | C8: Maxmimum users count -x Share from HOMEPAGE - Form Home page click Start a new home -Click on Known Home pairing and Scan QR and get Other users Home page -Click on Start a New Home and create Hierarchy Share from PARTICULARPAGE(Apartment page /Floor page/Home page/Rooms page) 1.If cliked on share on particular page ,it take user to share page . 2.User can able to share the rooms , Home ,Floor or Apartment Hierarchy based on role based access to other users via QR scanning or by entering thier Username 3.Roles : -Full access -User can able to do add/edit/remove hierarchy and their fields,on/off, keep schedule ,add device -Partial access -User can only able to on/off the device which is shared to them -View only access -user can only able to navigate and view all the pages which is shared to them Share from Settings page click on Share via Qr to get other user created rooms
B9: Hierarchy Creation | C9: *Minimum of 1 field and Maximum of 4 fields -Click on Start a New Home and create Hierarchy -Add Apartment -After created Hierarchy navigate to Apartments tab and add apartments to save -Add Floor -Navigate to Floor tab and add list of Floors to save -Add Home -Navigate to Homes tab and add list of Homes to save -Add Rooms and create Hierarchy - Navigate to Rooms tab and choose Room type to save and navigate to Home page | D9: *Minimum of 1 field and Maximum of 4 fields 1.After added 1 field -name it as XXXXX and if user skip the preocedure 1.XXXXX page display with Enter XXXX name and choose type of room with - + button -Save button - Skip button 2.If user skip then it takes user to Home page
B10: Home page UI after Hierarchy and its field creation | C10: 1.Home page contains -Home Icon -Floor List icon -Overall Analytics icon -Settings icon 2.Smart scene - Collection of nodes in one box with Toggle button to enable & disable 3.Added Hierarchy should display in Home page 4.Click on Plus button to add Another Hierarchy 5.Display multi users list 6.Display Energy consumed analytics 7.Display notifications 8.Screensharing mode
B11: Floor List UI &Functional | C11: 1.It display Rooms in Created Hierachial order (i.e) Apartments ->Floor-> Home ->Room 2.In menu bar it has Add & Edit option and Share options 3..If clicked on Add and Edit on particular page ,It will take user to Hierarchy page to Add or remove that page
B12: Add Switchboard | C12: Maximum Switches(6) for 1 panel Navigate to created field(Rooms) in Hierarchy 1.Pair with device in Remote mode of pairing 2.Enter switches name and its types Navigate to created field(Rooms) in Hierarchy and click on Menubar and click on Add Switchboard 1.Pair with device in Remote mode of pairing 2.Enter switches name and its types Navigate to created field(Rooms) in Hierarchy and click on Menubar and click on Edit Switchboard 1.Click on Add switchboard 2.Pair with device in Remote mode of pairing 3.Enter switches name and its types
B13: Edit Switch Board | C13: Navigate to Room and in Menubar click on Edit Switch board -To delete Switch board -To Add Switch Board
B14: Connectivity | C14: check Remote connectivity and other connectivities
B15: Device settings | C15: 1.Navigate to Room and in Menu bar click on Device settings and -configure Low voltage -Configure High voltage -configure Duration for on -Reset device -Add Router
B16: Schedular | C16: 1.Navigate to Room and navigate into created devices to add and delete schedule
B17: Analytics | C17: 1.After Signin , navigate to Analytics page and check for analytics 2.After signin ,hierarchy creation and added devices ,navigate to analytics page and check analytics
B18: Profile Settings | C18: 1.Username -Edit Profile pic -Edit Username -Verify Email -Edit DOB -Edit Gender -Change Password -Delete Account 2.Theme settings -Auto -Dark -Light 3.share via QR 4.Hierarchy -Add or Remove Hierarchy 4.Help 5.Logout
D575: PASS | E575: =COUNTIF(#REF!,D575) -> #REF!
D576: FAIL | E576: =COUNTIF(#REF!,D576) -> #REF!
D577: NA | E577: =COUNTIF(#REF!,D577) -> #REF!
D578: NT | E578: =COUNTIF(#REF!,D578) -> #REF!
D579: Executed | E579: =SUM(E575:E577) -> #REF!
D580: Total | E580: =SUM(E575:E578) -> #REF!

Sheet Software Readiness
A3: App side:
A4: Application | B4: ftp://qa_usr@192.168.10.34/Internal_Project/FULL_VALIDATION_PACKAGES_LOGS/PACKAGES/2025/NAVY/VidyuRaksha/FEB_REL_14940/Multi%20Product%20App%20Setup%200.1.0.exe | D4: Build need to be generated from this path
A5: certificate file | B5: ftp://qa_usr@192.168.10.34/Internal_Project/FULL_VALIDATION_PACKAGES_LOGS/PACKAGES/2025/NAVY/VidyuRaksha/FEB_REL_14937/msp.zip
A6: Server setup with router configuration | B6: Ready (Bala place oppsite)
A8: Device Side:
A9: NVS Generator Path | B9: ftp://qa_usr@192.168.10.34/Internal_Project/FULL_VALIDATION_PACKAGES_LOGS/PACKAGES/2025/NAVY/VidyuRaksha/FEB_REL_14937/NVS_BIN_Creator.zip
A10: NVS file | B10: ftp://qa_usr@192.168.10.34/Internal_Project/FULL_VALIDATION_PACKAGES_LOGS/PACKAGES/2025/NAVY/VidyuRaksha/FEB_REL_14937/NVS_RO_PARTITION.bin
A11: bin file | B11: http://192.168.10.2:82/svn/iinvsys_sw/trunk/device/mscs_dev_sw/dev | D11: Need to create the bin from svn folder
A12: pairing script | B12: ftp://qa_usr@192.168.10.34/Internal_Project/FULL_VALIDATION_PACKAGES_LOGS/PACKAGES/2025/NAVY/VidyuRaksha/FEB_REL_14937/Wifi_STA_v1.6%20%282%29.zip
A13: Device connection URL | B13: wss://webapp.lan:55541
A16: Test Equipements Needed
A17: Vidyuraksha board | B17: One board available with Smoke Sensor
A18: Router | B18: Router avilable ()
A19: Laptop | B19: User laptop

Sheet Resource_Summary
E2: Day1 | J2: Day2 | O2: Day3 | T2: Day4 | Y2: Day5 | AD2: Day6 | AL2: Pending
B3: S.NO | C3: PAIRING MODE | D3: No of Test | E3: R1 | F3: R2 | G3: R3 | H3: R4 | I3: R5 | J3: R1 | K3: R2 | L3: R3 | M3: R4 | N3: R5 | O3: R1 | P3: R2 | Q3: R3 | R3: R4 | S3: R5 | T3: R1 | U3: R2 | V3: R3 | W3: R4 | X3: R5 | Y3: R1 | Z3: R2 | AA3: R3 | AB3: R4 | AC3: R5 | AD3: R1 | AE3: R2 | AF3: R3 | AG3: R4 | AH3: R5
B4: 1 | C4: Device only Testing | D4: 65
B5: 2 | C5: SIGN_IN_UP_OTP | D5: 73 | E5: 73 | AL5: =SUM(E5:AH5)-D5 -> 0
B6: 3 | C6: PAIRING | D6: 114 | E6: 10 | F6: 60 | J6: 44 | AL6: =SUM(E6:AH6)-D6 -> 0
B7: 4 | C7: CONNECTIVITY | D7: 238 | G7: 80 | J7: 20 | K7: 80 | O7: 58 | AL7: =SUM(E7:AH7)-D7 -> 0
B8: 5 | C8: SCHEDULAR | D8: 129 | H8: 50 | L8: 50 | P8: 29 | AL8: =SUM(E8:AH8)-D8 -> 0
B9: 6 | C9: ANALYTICS | D9: 202 | I9: 40 | M9: 40 | Q9: 40 | T9: 40 | Y9: 42 | AL9: =SUM(E9:AH9)-D9 -> 0
B10: 7 | C10: MULTI_USER | D10: 162 | N10: 40 | R10: 40 | U10: 40 | Z10: 42 | AL10: =SUM(E10:AH10)-D10 -> 0
B11: 8 | C11: MULTI_DEVICE | D11: 153 | P11: 10 | S11: 30 | V11: 40 | AA11: 40 | AD11: 33 | AL11: =SUM(E11:AH11)-D11 -> 0
B12: 9 | C12: ADMIN_USER | D12: 65 | W12: 65 | AL12: =SUM(E12:AH12)-D12 -> 0
B13: 10 | C13: NOTIFICATION | D13: 129 | X13: 43 | AB13: 40 | AE13: 46 | AL13: =SUM(E13:AH13)-D13 -> 0
B14: 11 | C14: DEVICE_SETTING | D14: 124 | X14: 62 | AB14: 62 | AL14: =SUM(E14:AH14)-D14 -> 0
B15: 12 | C15: ADD_DEVICE | D15: 68 | AC15: 68 | AL15: =SUM(E15:AH15)-D15 -> 0
B16: 13 | C16: MENU_BAR | D16: 270 | AE16: 70 | AF16: 100 | AG16: 100 | AL16: =SUM(E16:AH16)-D16 -> 0
B17: 14 | C17: APP_UI | D17: 11 | O17: 11 | AL17: =SUM(E17:AH17)-D17 -> 0
B18: 15 | C18: QR_PIN_SEARCH | D18: 80 | W18: 28 | AH18: 52 | AL18: =SUM(E18:AH18)-D18 -> 0
B19: 16 | C19: OTA | D19: 6 | E19: 6 | AL19: =SUM(E19:AH19)-D19 -> 0
B20: 17 | C20: Total | D20: =SUM(D4:D19) -> 1889 | E20: =SUM(E4:I19) -> 319 | J20: =SUM(J4:N19) -> 274 | O20: =SUM(O4:S19) -> 218 | T20: =SUM(T4:X19) -> 318 | Y20: =SUM(Y4:AC19) -> 294 | AD20: =SUM(AD4:AH19) -> 401 | AL20: =SUM(E20:AH20)-D20 -> -65
C23: No of Device per R | E23: 1 | F23: 1 | G23: 1 | H23: 1 | I23: 1 | J23: 1 | K23: 1 | L23: 1 | M23: 1 | N23: 3 | O23: 1 | P23: 1 | Q23: 1 | R23: 1 | S23: 3 | T23: 1 | U23: 1 | V23: 3 | W23: 1 | X23: 1 | Y23: 1 | Z23: 1 | AA23: 3 | AB23: 1 | AC23: 1 | AD23: 3 | AE23: 1 | AF23: 1 | AG23: 1 | AH23: 1
C24: No of per R | E24: 1 | F24: 1 | G24: 1 | H24: 1 | I24: 1 | J24: 1 | K24: 1 | L24: 1 | M24: 3 | N24: 1 | O24: 1 | P24: 1 | Q24: 1 | R24: 3 | S24: 1 | T24: 1 | U24: 3 | V24: 1 | W24: 1 | X24: 1 | Y24: 1 | Z24: 3 | AA24: 1 | AB24: 1 | AC24: 1 | AD24: 1 | AE24: 1 | AF24: 1 | AG24: 1 | AH24: 1
C26: No of Device | E26: 5 | J26: 7 | O26: 7 | T26: 7 | Y26: 7 | AD26: 7
C27: No of | E27: 5 | J27: 7 | O27: 7 | T27: 7 | Y27: 7 | AD27: 7
